message_id,date,sender_id,message,media_path
9412,2024-06-11 06:39:10+00:00,-1001666492664,"Enfamil NEURO PRO GENTLEASE
Price 5500 birr 
Telegram https://t.me/lobelia4cosmetics
MsgğŸ‘‰ Lobelia pharmacy and cosmetics 
â˜ï¸ call 0911562031/0911587703
Adress:- Infront of Bole Medhanialem high school 
Open Monday - Monday from 8am until midnight áŠ¨áˆ°áŠ - áŠ¥áˆµáŠ¨ áˆ°áŠÂ  áŠ¨áŒ§á‰± 2:00 áˆµá‹“á‰µ - áŠ¥áˆµáŠ¨ áˆáˆ½á‰± 6:00 áˆ°á‹“á‰µ
ğŸğŸğŸ á‹¨á‰µáˆ«áŠ•áˆµá–áˆ­á‰µ áŠ áˆ›áˆ«áŒ­ áŠ¨70 - 200 á‰¥áˆ­
For delivery option fees are from 70 birr - 200 birr",scraping/data/raw/media/9412.jpg
9411,2024-06-11 06:39:10+00:00,-1001666492664,"ENFAMIL A PLUS 765GM 
Price 5500 birr 
Telegram https://t.me/lobelia4cosmetics
MsgğŸ‘‰ Lobelia pharmacy and cosmetics 
â˜ï¸ call 0911562031/0911587703
Adress:- Infront of Bole Medhanialem high school 
Open Monday - Monday from 8am until midnight áŠ¨áˆ°áŠ - áŠ¥áˆµáŠ¨ áˆ°áŠÂ  áŠ¨áŒ§á‰± 2:00 áˆµá‹“á‰µ - áŠ¥áˆµáŠ¨ áˆáˆ½á‰± 6:00 áˆ°á‹“á‰µ
ğŸğŸğŸ á‹¨á‰µáˆ«áŠ•áˆµá–áˆ­á‰µ áŠ áˆ›áˆ«áŒ­ áŠ¨70 - 200 á‰¥áˆ­
For delivery option fees are from 70 birr - 200 birr",scraping/data/raw/media/9411.jpg
9410,2024-06-11 06:39:10+00:00,-1001666492664,"SIMILAC ADVANCE 
Price 3700 birr 
Telegram https://t.me/lobelia4cosmetics
MsgğŸ‘‰ Lobelia pharmacy and cosmetics 
â˜ï¸ call 0911562031/0911587703
Adress:- Infront of Bole Medhanialem high school 
Open Monday - Monday from 8am until midnight áŠ¨áˆ°áŠ - áŠ¥áˆµáŠ¨ áˆ°áŠÂ  áŠ¨áŒ§á‰± 2:00 áˆµá‹“á‰µ - áŠ¥áˆµáŠ¨ áˆáˆ½á‰± 6:00 áˆ°á‹“á‰µ
ğŸğŸğŸ á‹¨á‰µáˆ«áŠ•áˆµá–áˆ­á‰µ áŠ áˆ›áˆ«áŒ­ áŠ¨70 - 200 á‰¥áˆ­
For delivery option fees are from 70 birr - 200 birr",scraping/data/raw/media/9410.jpg
9409,2024-06-11 06:39:10+00:00,-1001666492664,"go & grow 850gm
Price 5300 birr 
Telegram https://t.me/lobelia4cosmetics
MsgğŸ‘‰ Lobelia pharmacy and cosmetics 
â˜ï¸ call 0911562031/0911587703
Adress:- Infront of Bole Medhanialem high school 
Open Monday - Monday from 8am until midnight áŠ¨áˆ°áŠ - áŠ¥áˆµáŠ¨ áˆ°áŠÂ  áŠ¨áŒ§á‰± 2:00 áˆµá‹“á‰µ - áŠ¥áˆµáŠ¨ áˆáˆ½á‰± 6:00 áˆ°á‹“á‰µ
ğŸğŸğŸ á‹¨á‰µáˆ«áŠ•áˆµá–áˆ­á‰µ áŠ áˆ›áˆ«áŒ­ áŠ¨70 - 200 á‰¥áˆ­
For delivery option fees are from 70 birr - 200 birr",scraping/data/raw/media/9409.jpg
9408,2024-06-11 06:39:10+00:00,-1001666492664,"NAN PREMATURE
Price 2500 birr 
Telegram https://t.me/lobelia4cosmetics
MsgğŸ‘‰ Lobelia pharmacy and cosmetics 
â˜ï¸ call 0911562031/0911587703
Adress:- Infront of Bole Medhanialem high school 
Open Monday - Monday from 8am until midnight áŠ¨áˆ°áŠ - áŠ¥áˆµáŠ¨ áˆ°áŠÂ  áŠ¨áŒ§á‰± 2:00 áˆµá‹“á‰µ - áŠ¥áˆµáŠ¨ áˆáˆ½á‰± 6:00 áˆ°á‹“á‰µ
ğŸğŸğŸ á‹¨á‰µáˆ«áŠ•áˆµá–áˆ­á‰µ áŠ áˆ›áˆ«áŒ­ áŠ¨70 - 200 á‰¥áˆ­
For delivery option fees are from 70 birr - 200 birr",scraping/data/raw/media/9408.jpg
9407,2024-06-11 06:39:10+00:00,-1001666492664,"Glucerna 400gm 
Price 2800 birr 
Telegram https://t.me/lobelia4cosmetics
MsgğŸ‘‰ Lobelia pharmacy and cosmetics 
â˜ï¸ call 0911562031/0911587703
Adress:- Infront of Bole Medhanialem high school 
Open Monday - Monday from 8am until midnight áŠ¨áˆ°áŠ - áŠ¥áˆµáŠ¨ áˆ°áŠÂ  áŠ¨áŒ§á‰± 2:00 áˆµá‹“á‰µ - áŠ¥áˆµáŠ¨ áˆáˆ½á‰± 6:00 áˆ°á‹“á‰µ
ğŸğŸğŸ á‹¨á‰µáˆ«áŠ•áˆµá–áˆ­á‰µ áŠ áˆ›áˆ«áŒ­ áŠ¨50 - 150 á‰¥áˆ­
For delivery option fees are from 50 birr - 150 birr",scraping/data/raw/media/9407.jpg
9406,2024-06-11 06:39:10+00:00,-1001666492664,"Pediasure 3+ 1.6kg 
Price 4600 birr 
Telegram https://t.me/lobelia4cosmetics
MsgğŸ‘‰ Lobelia pharmacy and cosmetics 
â˜ï¸ call 0911562031/0911587703
Adress:- Infront of Bole Medhanialem high school 
Open Monday - Monday from 8am until midnight áŠ¨áˆ°áŠ - áŠ¥áˆµáŠ¨ áˆ°áŠÂ  áŠ¨áŒ§á‰± 2:00 áˆµá‹“á‰µ - áŠ¥áˆµáŠ¨ áˆáˆ½á‰± 6:00 áˆ°á‹“á‰µ
ğŸğŸğŸ á‹¨á‰µáˆ«áŠ•áˆµá–áˆ­á‰µ áŠ áˆ›áˆ«áŒ­ áŠ¨70 - 200 á‰¥áˆ­
For delivery option fees are from 70 birr - 200 birr",scraping/data/raw/media/9406.jpg
9405,2024-06-11 06:39:10+00:00,-1001666492664,"Pediasure 3+ 1.6kg 
Price 4600 birr 
Telegram https://t.me/lobelia4cosmetics
MsgğŸ‘‰ Lobelia pharmacy and cosmetics 
â˜ï¸ call 0911562031/0911587703
Adress:- Infront of Bole Medhanialem high school 
Open Monday - Monday from 8am until midnight áŠ¨áˆ°áŠ - áŠ¥áˆµáŠ¨ áˆ°áŠÂ  áŠ¨áŒ§á‰± 2:00 áˆµá‹“á‰µ - áŠ¥áˆµáŠ¨ áˆáˆ½á‰± 6:00 áˆ°á‹“á‰µ
ğŸğŸğŸ á‹¨á‰µáˆ«áŠ•áˆµá–áˆ­á‰µ áŠ áˆ›áˆ«áŒ­ áŠ¨70 - 200 á‰¥áˆ­
For delivery option fees are from 70 birr - 200 birr",scraping/data/raw/media/9405.jpg
9404,2024-06-10 13:13:56+00:00,-1001666492664,"ONE A DAY WOMEN'S 300 TABLETS 
Price 5500 birr 
Telegram https://t.me/lobelia4cosmetics
MsgğŸ‘‰ Lobelia pharmacy and cosmetics 
â˜ï¸ call 0911562031/0911587703
Adress:- Infront of Bole Medhanialem high school 
Open Monday - Monday from 8am until midnight áŠ¨áˆ°áŠ - áŠ¥áˆµáŠ¨ áˆ°áŠÂ  áŠ¨áŒ§á‰± 2:00 áˆµá‹“á‰µ - áŠ¥áˆµáŠ¨ áˆáˆ½á‰± 6:00 áˆ°á‹“á‰µ
ğŸğŸğŸ á‹¨á‰µáˆ«áŠ•áˆµá–áˆ­á‰µ áŠ áˆ›áˆ«áŒ­ áŠ¨70 - 200 á‰¥áˆ­
For delivery option fees are from 70 birr - 200 birr",scraping/data/raw/media/9404.jpg
9403,2024-06-10 07:28:31+00:00,-1001666492664,"SMARTY PANTS KIDS VITAMIN 
Price 4000
Telegram https://t.me/lobelia4cosmetics
MsgğŸ‘‰ Lobelia pharmacy and cosmetics 
â˜ï¸ call 0911562031/0911587703
Adress:- Infront of Bole Medhanialem high school 
Open Monday - Monday from 8am until midnight áŠ¨áˆ°áŠ - áŠ¥áˆµáŠ¨ áˆ°áŠÂ  áŠ¨áŒ§á‰± 2:00 áˆµá‹“á‰µ - áŠ¥áˆµáŠ¨ áˆáˆ½á‰± 6:00 áˆ°á‹“á‰µ
ğŸğŸğŸ á‹¨á‰µáˆ«áŠ•áˆµá–áˆ­á‰µ áŠ áˆ›áˆ«áŒ­ áŠ¨70 - 200 á‰¥áˆ­
For delivery option fees are from 70 birr - 200 birr",scraping/data/raw/media/9403.jpg
9402,2024-06-10 07:28:31+00:00,-1001666492664,"Pregnacare Before Conception 
30 tablets 
Price 4000
Telegram https://t.me/lobelia4cosmetics
MsgğŸ‘‰ Lobelia pharmacy and cosmetics 
â˜ï¸ call 0911562031/0911587703
Adress:- Infront of Bole Medhanialem high school 
Open Monday - Monday from 8am until midnight áŠ¨áˆ°áŠ - áŠ¥áˆµáŠ¨ áˆ°áŠÂ  áŠ¨áŒ§á‰± 2:00 áˆµá‹“á‰µ - áŠ¥áˆµáŠ¨ áˆáˆ½á‰± 6:00 áˆ°á‹“á‰µ
ğŸğŸğŸ á‹¨á‰µáˆ«áŠ•áˆµá–áˆ­á‰µ áŠ áˆ›áˆ«áŒ­ áŠ¨70 - 200 á‰¥áˆ­
For delivery option fees are from 70 birr - 200 birr",scraping/data/raw/media/9402.jpg
9401,2024-06-10 07:28:30+00:00,-1001666492664,"WELL BABY MULTIVITAMIN SYRUP 
Price 3200 birr 
Telegram https://t.me/lobelia4cosmetics
MsgğŸ‘‰ Lobelia pharmacy and cosmetics 
â˜ï¸ call 0911562031/0911587703
Adress:- Infront of Bole Medhanialem high school 
Open Monday - Monday from 8am until midnight áŠ¨áˆ°áŠ - áŠ¥áˆµáŠ¨ áˆ°áŠÂ  áŠ¨áŒ§á‰± 2:00 áˆµá‹“á‰µ - áŠ¥áˆµáŠ¨ áˆáˆ½á‰± 6:00 áˆ°á‹“á‰µ
ğŸğŸğŸ á‹¨á‰µáˆ«áŠ•áˆµá–áˆ­á‰µ áŠ áˆ›áˆ«áŒ­ áŠ¨70 - 200 á‰¥áˆ­
For delivery option fees are from 70 birr - 200 birr",scraping/data/raw/media/9401.jpg
9400,2024-06-10 07:28:30+00:00,-1001666492664,"Mini Drops BED TIME 
Price 2800 birr 
Telegram https://t.me/lobelia4cosmetics
MsgğŸ‘‰ Lobelia pharmacy and cosmetics 
â˜ï¸ call 0911562031/0911587703
Adress:- Infront of Bole Medhanialem high school 
Open Monday - Monday from 8am until midnight áŠ¨áˆ°áŠ - áŠ¥áˆµáŠ¨ áˆ°áŠÂ  áŠ¨áŒ§á‰± 2:00 áˆµá‹“á‰µ - áŠ¥áˆµáŠ¨ áˆáˆ½á‰± 6:00 áˆ°á‹“á‰µ
ğŸğŸğŸ á‹¨á‰µáˆ«áŠ•áˆµá–áˆ­á‰µ áŠ áˆ›áˆ«áŒ­ áŠ¨70 - 200 á‰¥áˆ­
For delivery option fees are from 70 birr - 200 birr",scraping/data/raw/media/9400.jpg
9399,2024-06-10 07:28:30+00:00,-1001666492664,"Mini Drops IMMUNE PLUS 
Price 2800 birr 
Telegram https://t.me/lobelia4cosmetics
MsgğŸ‘‰ Lobelia pharmacy and cosmetics 
â˜ï¸ call 0911562031/0911587703
Adress:- Infront of Bole Medhanialem high school 
Open Monday - Monday from 8am until midnight áŠ¨áˆ°áŠ - áŠ¥áˆµáŠ¨ áˆ°áŠÂ  áŠ¨áŒ§á‰± 2:00 áˆµá‹“á‰µ - áŠ¥áˆµáŠ¨ áˆáˆ½á‰± 6:00 áˆ°á‹“á‰µ
ğŸğŸğŸ á‹¨á‰µáˆ«áŠ•áˆµá–áˆ­á‰µ áŠ áˆ›áˆ«áŒ­ áŠ¨70 - 200 á‰¥áˆ­
For delivery option fees are from 70 birr - 200 birr",scraping/data/raw/media/9399.jpg
9398,2024-06-10 07:28:30+00:00,-1001666492664,"IRON DROP 
Price 3500 birr 
Telegram https://t.me/lobelia4cosmetics
MsgğŸ‘‰ Lobelia pharmacy and cosmetics 
â˜ï¸ call 0911562031/0911587703
Adress:- Infront of Bole Medhanialem high school 
Open Monday - Monday from 8am until midnight áŠ¨áˆ°áŠ - áŠ¥áˆµáŠ¨ áˆ°áŠÂ  áŠ¨áŒ§á‰± 2:00 áˆµá‹“á‰µ - áŠ¥áˆµáŠ¨ áˆáˆ½á‰± 6:00 áˆ°á‹“á‰µ
ğŸğŸğŸ á‹¨á‰µáˆ«áŠ•áˆµá–áˆ­á‰µ áŠ áˆ›áˆ«áŒ­ áŠ¨70 - 200 á‰¥áˆ­
For delivery option fees are from 70 birr - 200 birr",scraping/data/raw/media/9398.jpg
9397,2024-06-10 07:28:30+00:00,-1001666492664,"Multi vitamin Drop 
Price 2600 birr 
Telegram https://t.me/lobelia4cosmetics
MsgğŸ‘‰ Lobelia pharmacy and cosmetics 
â˜ï¸ call 0911562031/0911587703
Adress:- Infront of Bole Medhanialem high school 
Open Monday - Monday from 8am until midnight áŠ¨áˆ°áŠ - áŠ¥áˆµáŠ¨ áˆ°áŠÂ  áŠ¨áŒ§á‰± 2:00 áˆµá‹“á‰µ - áŠ¥áˆµáŠ¨ áˆáˆ½á‰± 6:00 áˆ°á‹“á‰µ
ğŸğŸğŸ á‹¨á‰µáˆ«áŠ•áˆµá–áˆ­á‰µ áŠ áˆ›áˆ«áŒ­ áŠ¨70 - 200 á‰¥áˆ­
For delivery option fees are from 70 birr - 200 birr",scraping/data/raw/media/9397.jpg
9396,2024-06-10 07:28:30+00:00,-1001666492664,"GLUCOSAMINE 1000MG/100MG 90 CAPSULES 
Price 5000 birr 
Telegram https://t.me/lobelia4cosmetics
MsgğŸ‘‰ Lobelia pharmacy and cosmetics 
â˜ï¸ call 0911562031/0911587703
Adress:- Infront of Bole Medhanialem high school 
Open Monday - Monday from 8am until midnight áŠ¨áˆ°áŠ - áŠ¥áˆµáŠ¨ áˆ°áŠÂ  áŠ¨áŒ§á‰± 2:00 áˆµá‹“á‰µ - áŠ¥áˆµáŠ¨ áˆáˆ½á‰± 6:00 áˆ°á‹“á‰µ
ğŸğŸğŸ á‹¨á‰µáˆ«áŠ•áˆµá–áˆ­á‰µ áŠ áˆ›áˆ«áŒ­ áŠ¨70 - 200 á‰¥áˆ­
For delivery option fees are from 70 birr - 200 birr",scraping/data/raw/media/9396.jpg
9395,2024-06-10 07:28:30+00:00,-1001666492664,"Pregnacare After Pregnancy 
Price 4000 birr 
Telegram https://t.me/lobelia4cosmetics
MsgğŸ‘‰ Lobelia pharmacy and cosmetics 
â˜ï¸ call 0911562031/0911587703
Adress:- Infront of Bole Medhanialem high school 
Open Monday - Monday from 8am until midnight áŠ¨áˆ°áŠ - áŠ¥áˆµáŠ¨ áˆ°áŠÂ  áŠ¨áŒ§á‰± 2:00 áˆµá‹“á‰µ - áŠ¥áˆµáŠ¨ áˆáˆ½á‰± 6:00 áˆ°á‹“á‰µ
ğŸğŸğŸ á‹¨á‰µáˆ«áŠ•áˆµá–áˆ­á‰µ áŠ áˆ›áˆ«áŒ­ áŠ¨70 - 200 á‰¥áˆ­
For delivery option fees are from 70 birr - 200 birr",scraping/data/raw/media/9395.jpg
9394,2024-06-10 07:28:30+00:00,-1001666492664,"WELLMAN 
Price 4800
Telegram https://t.me/lobelia4cosmetics
MsgğŸ‘‰ Lobelia pharmacy and cosmetics 
â˜ï¸ call 0911562031/0911587703
Adress:- Infront of Bole Medhanialem high school 
Alemnesh plaza 
Open Monday - Monday from 8am until midnight áŠ¨áˆ°áŠ - áŠ¥áˆµáŠ¨ áˆ°áŠÂ  áŠ¨áŒ§á‰± 2:00 áˆµá‹“á‰µ - áŠ¥áˆµáŠ¨ áˆáˆ½á‰± 6:00 áˆ°á‹“á‰µ
ğŸğŸğŸ á‹¨á‰µáˆ«áŠ•áˆµá–áˆ­á‰µ áŠ áˆ›áˆ«áŒ­ áŠ¨70 - 200 á‰¥áˆ­
For delivery option fees are from 70 birr - 200 birr",scraping/data/raw/media/9394.jpg
9393,2024-06-10 07:28:30+00:00,-1001666492664,"WELL WOMAN 56 TABLETS 
Price 4800
Telegram https://t.me/lobelia4cosmetics
MsgğŸ‘‰ Lobelia pharmacy and cosmetics 
â˜ï¸ call 0911562031/0911587703
Adress:- Infront of Bole Medhanialem high school 
Alemnesh plaza 
Open Monday - Monday from 8am until midnight áŠ¨áˆ°áŠ - áŠ¥áˆµáŠ¨ áˆ°áŠÂ  áŠ¨áŒ§á‰± 2:00 áˆµá‹“á‰µ - áŠ¥áˆµáŠ¨ áˆáˆ½á‰± 6:00 áˆ°á‹“á‰µ
ğŸğŸğŸ á‹¨á‰µáˆ«áŠ•áˆµá–áˆ­á‰µ áŠ áˆ›áˆ«áŒ­ áŠ¨70 - 200 á‰¥áˆ­
For delivery option fees are from 70 birr - 200 birr",scraping/data/raw/media/9393.jpg
9392,2024-06-10 07:28:30+00:00,-1001666492664,"WELLMAN 70+
Price 4500
Telegram https://t.me/lobelia4cosmetics
MsgğŸ‘‰ Lobelia pharmacy and cosmetics 
â˜ï¸ call 0911562031/0911587703
Adress:- Infront of Bole Medhanialem high school 
Alemnesh plaza 
Open Monday - Monday from 8am until midnight áŠ¨áˆ°áŠ - áŠ¥áˆµáŠ¨ áˆ°áŠÂ  áŠ¨áŒ§á‰± 2:00 áˆµá‹“á‰µ - áŠ¥áˆµáŠ¨ áˆáˆ½á‰± 6:00 áˆ°á‹“á‰µ
ğŸğŸğŸ á‹¨á‰µáˆ«áŠ•áˆµá–áˆ­á‰µ áŠ áˆ›áˆ«áŒ­ áŠ¨70 - 200 á‰¥áˆ­
For delivery option fees are from 70 birr - 200 birr",scraping/data/raw/media/9392.jpg
9391,2024-06-10 07:28:30+00:00,-1001666492664,"H &B MAGNESIUM 
Price 5000
Telegram https://t.me/lobelia4cosmetics
MsgğŸ‘‰ Lobelia pharmacy and cosmetics 
â˜ï¸ call 0911562031/0911587703
Adress:- Infront of Bole Medhanialem high school 
Open Monday - Monday from 8am until midnight áŠ¨áˆ°áŠ - áŠ¥áˆµáŠ¨ áˆ°áŠÂ  áŠ¨áŒ§á‰± 2:00 áˆµá‹“á‰µ - áŠ¥áˆµáŠ¨ áˆáˆ½á‰± 6:00 áˆ°á‹“á‰µ
ğŸğŸğŸ á‹¨á‰µáˆ«áŠ•áˆµá–áˆ­á‰µ áŠ áˆ›áˆ«áŒ­ áŠ¨70 - 200 á‰¥áˆ­
For delivery option fees are from 70 birr - 200 birr",scraping/data/raw/media/9391.jpg
9390,2024-06-10 07:28:30+00:00,-1001666492664,"H&B AFTER PREGNANCY 
Price 4000 birr 
Telegram https://t.me/lobelia4cosmetics
MsgğŸ‘‰ Lobelia pharmacy and cosmetics 
â˜ï¸ call 0911562031/0911587703
Adress:- Infront of Bole Medhanialem high school 
Open Monday - Monday from 8am until midnight áŠ¨áˆ°áŠ - áŠ¥áˆµáŠ¨ áˆ°áŠÂ  áŠ¨áŒ§á‰± 2:00 áˆµá‹“á‰µ - áŠ¥áˆµáŠ¨ áˆáˆ½á‰± 6:00 áˆ°á‹“á‰µ
ğŸğŸğŸ á‹¨á‰µáˆ«áŠ•áˆµá–áˆ­á‰µ áŠ áˆ›áˆ«áŒ­ áŠ¨70 - 200 á‰¥áˆ­
For delivery option fees are from 70 birr - 200 birr",scraping/data/raw/media/9390.jpg
9389,2024-06-10 07:28:30+00:00,-1001666492664,"PREGNACARE BREASTFEEDING 84 TABLETS 
Price 5000 birr 
Telegram https://t.me/lobelia4cosmetics
MsgğŸ‘‰ Lobelia pharmacy and cosmetics 
â˜ï¸ call 0911562031/0911587703
Adress:- Infront of Bole Medhanialem high school 
Open Monday - Monday from 8am until midnight áŠ¨áˆ°áŠ - áŠ¥áˆµáŠ¨ áˆ°áŠÂ  áŠ¨áŒ§á‰± 2:00 áˆµá‹“á‰µ - áŠ¥áˆµáŠ¨ áˆáˆ½á‰± 6:00 áˆ°á‹“á‰µ
ğŸğŸğŸ á‹¨á‰µáˆ«áŠ•áˆµá–áˆ­á‰µ áŠ áˆ›áˆ«áŒ­ áŠ¨70 - 200 á‰¥áˆ­
For delivery option fees are from 70 birr - 200 birr",scraping/data/raw/media/9389.jpg
9388,2024-06-08 13:40:02+00:00,-1001666492664,"PRENATAL 150 softgels 
Price 5000 birr 
Telegram https://t.me/lobelia4cosmetics
MsgğŸ‘‰ Lobelia pharmacy and cosmetics 
â˜ï¸ call 0911562031/0911587703
Adress:- Infront of Bole Medhanialem high school 
Open Monday - Monday from 8am until midnight áŠ¨áˆ°áŠ - áŠ¥áˆµáŠ¨ áˆ°áŠÂ  áŠ¨áŒ§á‰± 2:00 áˆµá‹“á‰µ - áŠ¥áˆµáŠ¨ áˆáˆ½á‰± 6:00 áˆ°á‹“á‰µ
ğŸğŸğŸ á‹¨á‰µáˆ«áŠ•áˆµá–áˆ­á‰µ áŠ áˆ›áˆ«áŒ­ áŠ¨70 - 200 á‰¥áˆ­
For delivery option fees are from 70 birr - 200 birr",scraping/data/raw/media/9388.jpg
9387,2024-06-08 13:40:02+00:00,-1001666492664,"PRENATAL 90 Gummies 
Price 5000 birr 
Telegram https://t.me/lobelia4cosmetics
MsgğŸ‘‰ Lobelia pharmacy and cosmetics 
â˜ï¸ call 0911562031/0911587703
Adress:- Infront of Bole Medhanialem high school 
Open Monday - Monday from 8am until midnight áŠ¨áˆ°áŠ - áŠ¥áˆµáŠ¨ áˆ°áŠÂ  áŠ¨áŒ§á‰± 2:00 áˆµá‹“á‰µ - áŠ¥áˆµáŠ¨ áˆáˆ½á‰± 6:00 áˆ°á‹“á‰µ
ğŸğŸğŸ á‹¨á‰µáˆ«áŠ•áˆµá–áˆ­á‰µ áŠ áˆ›áˆ«áŒ­ áŠ¨70 - 200 á‰¥áˆ­
For delivery option fees are from 70 birr - 200 birr",scraping/data/raw/media/9387.jpg
9386,2024-06-08 13:40:02+00:00,-1001666492664,"FISH OIL 150 softgels 
Price 4000 birr 
Telegram https://t.me/lobelia4cosmetics
MsgğŸ‘‰ Lobelia pharmacy and cosmetics 
â˜ï¸ call 0911562031/0911587703
Adress:- Infront of Bole Medhanialem high school 
Open Monday - Monday from 8am until midnight áŠ¨áˆ°áŠ - áŠ¥áˆµáŠ¨ áˆ°áŠÂ  áŠ¨áŒ§á‰± 2:00 áˆµá‹“á‰µ - áŠ¥áˆµáŠ¨ áˆáˆ½á‰± 6:00 áˆ°á‹“á‰µ
ğŸğŸğŸ á‹¨á‰µáˆ«áŠ•áˆµá–áˆ­á‰µ áŠ áˆ›áˆ«áŒ­ áŠ¨70 - 200 á‰¥áˆ­
For delivery option fees are from 70 birr - 200 birr",scraping/data/raw/media/9386.jpg
9385,2024-06-08 13:40:02+00:00,-1001666492664,"NATURES BOUNTY VITAMIN D3 5000IU
Price 7000 birr 
Telegram https://t.me/lobelia4cosmetics
MsgğŸ‘‰ Lobelia pharmacy and cosmetics 
â˜ï¸ call 0911562031/0911587703
Adress:- Infront of Bole Medhanialem high school 
Open Monday - Monday from 8am until midnight áŠ¨áˆ°áŠ - áŠ¥áˆµáŠ¨ áˆ°áŠÂ  áŠ¨áŒ§á‰± 2:00 áˆµá‹“á‰µ - áŠ¥áˆµáŠ¨ áˆáˆ½á‰± 6:00 áˆ°á‹“á‰µ
ğŸğŸğŸ á‹¨á‰µáˆ«áŠ•áˆµá–áˆ­á‰µ áŠ áˆ›áˆ«áŒ­ áŠ¨70 - 200 á‰¥áˆ­
For delivery option fees are from 70 birr - 200 birr",scraping/data/raw/media/9385.jpg
9384,2024-06-08 13:40:02+00:00,-1001666492664,"Melatonin Gummies 
Price 5000 birr 
Telegram https://t.me/lobelia4cosmetics
MsgğŸ‘‰ Lobelia pharmacy and cosmetics 
â˜ï¸ call 0911562031/0911587703
Adress:- Infront of Bole Medhanialem high school 
Open Monday - Monday from 8am until midnight áŠ¨áˆ°áŠ - áŠ¥áˆµáŠ¨ áˆ°áŠÂ  áŠ¨áŒ§á‰± 2:00 áˆµá‹“á‰µ - áŠ¥áˆµáŠ¨ áˆáˆ½á‰± 6:00 áˆ°á‹“á‰µ
ğŸğŸğŸ á‹¨á‰µáˆ«áŠ•áˆµá–áˆ­á‰µ áŠ áˆ›áˆ«áŒ­ áŠ¨70 - 200 á‰¥áˆ­
For delivery option fees are from 70 birr - 200 birr",scraping/data/raw/media/9384.jpg
9383,2024-06-08 13:40:02+00:00,-1001666492664,"SPRING VALLEY PRENATAL
Price 4500 birr 
Telegram https://t.me/lobelia4cosmetics
MsgğŸ‘‰ Lobelia pharmacy and cosmetics 
â˜ï¸ call 0911562031/0911587703
Adress:- Infront of Bole Medhanialem high school 
Open Monday - Monday from 8am until midnight áŠ¨áˆ°áŠ - áŠ¥áˆµáŠ¨ áˆ°áŠÂ  áŠ¨áŒ§á‰± 2:00 áˆµá‹“á‰µ - áŠ¥áˆµáŠ¨ áˆáˆ½á‰± 6:00 áˆ°á‹“á‰µ
ğŸğŸğŸ á‹¨á‰µáˆ«áŠ•áˆµá–áˆ­á‰µ áŠ áˆ›áˆ«áŒ­ áŠ¨70 - 200 á‰¥áˆ­
For delivery option fees are from 70 birr - 200 birr",scraping/data/raw/media/9383.jpg
9382,2024-06-07 11:30:48+00:00,-1001666492664,"MIELLE 
Telegram https://t.me/lobelia4cosmetics
MsgğŸ‘‰ Lobelia pharmacy and cosmetics 
â˜ï¸ call 0911562031/0911587703
Adress:- Infront of Bole Medhanialem high school 
Open Monday - Monday from 8am until midnight áŠ¨áˆ°áŠ - áŠ¥áˆµáŠ¨ áˆ°áŠÂ  áŠ¨áŒ§á‰± 2:00 áˆµá‹“á‰µ - áŠ¥áˆµáŠ¨ áˆáˆ½á‰± 6:00 áˆ°á‹“á‰µ
ğŸğŸğŸ á‹¨á‰µáˆ«áŠ•áˆµá–áˆ­á‰µ áŠ áˆ›áˆ«áŒ­ áŠ¨70 - 200 á‰¥áˆ­
For delivery option fees are from 70 birr - 200 birr",scraping/data/raw/media/9382.jpg
9381,2024-06-07 11:30:48+00:00,-1001666492664,"S 26 1.8kg No.3
Price 5000 birr 
Telegram https://t.me/lobelia4cosmetics
MsgğŸ‘‰ Lobelia pharmacy and cosmetics 
â˜ï¸ call 0911562031/0911587703
Adress:- Infront of Bole Medhanialem high school 
Open Monday - Monday from 8am until midnight áŠ¨áˆ°áŠ - áŠ¥áˆµáŠ¨ áˆ°áŠÂ  áŠ¨áŒ§á‰± 2:00 áˆµá‹“á‰µ - áŠ¥áˆµáŠ¨ áˆáˆ½á‰± 6:00 áˆ°á‹“á‰µ
ğŸğŸğŸ á‹¨á‰µáˆ«áŠ•áˆµá–áˆ­á‰µ áŠ áˆ›áˆ«áŒ­ áŠ¨70 - 200 á‰¥áˆ­
For delivery option fees are from 70 birr - 200 birr",scraping/data/raw/media/9381.jpg
9380,2024-06-07 11:30:48+00:00,-1001666492664,"S 26 1.8kg No.2
Price 5000 birr 
Telegram https://t.me/lobelia4cosmetics
MsgğŸ‘‰ Lobelia pharmacy and cosmetics 
â˜ï¸ call 0911562031/0911587703
Adress:- Infront of Bole Medhanialem high school 
Open Monday - Monday from 8am until midnight áŠ¨áˆ°áŠ - áŠ¥áˆµáŠ¨ áˆ°áŠÂ  áŠ¨áŒ§á‰± 2:00 áˆµá‹“á‰µ - áŠ¥áˆµáŠ¨ áˆáˆ½á‰± 6:00 áˆ°á‹“á‰µ
ğŸğŸğŸ á‹¨á‰µáˆ«áŠ•áˆµá–áˆ­á‰µ áŠ áˆ›áˆ«áŒ­ áŠ¨70 - 200 á‰¥áˆ­
For delivery option fees are from 70 birr - 200 birr",scraping/data/raw/media/9380.jpg
9379,2024-06-07 11:30:48+00:00,-1001666492664,"S 26 900 GM No.2
Price 3200 birr 
Telegram https://t.me/lobelia4cosmetics
MsgğŸ‘‰ Lobelia pharmacy and cosmetics 
â˜ï¸ call 0911562031/0911587703
Adress:- Infront of Bole Medhanialem high school 
Open Monday - Monday from 8am until midnight áŠ¨áˆ°áŠ - áŠ¥áˆµáŠ¨ áˆ°áŠÂ  áŠ¨áŒ§á‰± 2:00 áˆµá‹“á‰µ - áŠ¥áˆµáŠ¨ áˆáˆ½á‰± 6:00 áˆ°á‹“á‰µ
ğŸğŸğŸ á‹¨á‰µáˆ«áŠ•áˆµá–áˆ­á‰µ áŠ áˆ›áˆ«áŒ­ áŠ¨70 - 200 á‰¥áˆ­
For delivery option fees are from 70 birr - 200 birr",scraping/data/raw/media/9379.jpg
9378,2024-06-07 11:30:48+00:00,-1001666492664,"S 26 900 GM No.1
Price 3200 birr 
Telegram https://t.me/lobelia4cosmetics
MsgğŸ‘‰ Lobelia pharmacy and cosmetics 
â˜ï¸ call 0911562031/0911587703
Adress:- Infront of Bole Medhanialem high school 
Open Monday - Monday from 8am until midnight áŠ¨áˆ°áŠ - áŠ¥áˆµáŠ¨ áˆ°áŠÂ  áŠ¨áŒ§á‰± 2:00 áˆµá‹“á‰µ - áŠ¥áˆµáŠ¨ áˆáˆ½á‰± 6:00 áˆ°á‹“á‰µ
ğŸğŸğŸ á‹¨á‰µáˆ«áŠ•áˆµá–áˆ­á‰µ áŠ áˆ›áˆ«áŒ­ áŠ¨70 - 200 á‰¥áˆ­
For delivery option fees are from 70 birr - 200 birr",scraping/data/raw/media/9378.jpg
9377,2024-06-07 11:30:48+00:00,-1001666492664,"S 26 1.8kg No.3
Price 5000 birr 
Telegram https://t.me/lobelia4cosmetics
MsgğŸ‘‰ Lobelia pharmacy and cosmetics 
â˜ï¸ call 0911562031/0911587703
Adress:- Infront of Bole Medhanialem high school 
Open Monday - Monday from 8am until midnight áŠ¨áˆ°áŠ - áŠ¥áˆµáŠ¨ áˆ°áŠÂ  áŠ¨áŒ§á‰± 2:00 áˆµá‹“á‰µ - áŠ¥áˆµáŠ¨ áˆáˆ½á‰± 6:00 áˆ°á‹“á‰µ
ğŸğŸğŸ á‹¨á‰µáˆ«áŠ•áˆµá–áˆ­á‰µ áŠ áˆ›áˆ«áŒ­ áŠ¨70 - 200 á‰¥áˆ­
For delivery option fees are from 70 birr - 200 birr",scraping/data/raw/media/9377.jpg
9376,2024-06-07 11:30:48+00:00,-1001666492664,"S 26 1.8kg No.1
Price 5000 birr 
Telegram https://t.me/lobelia4cosmetics
MsgğŸ‘‰ Lobelia pharmacy and cosmetics 
â˜ï¸ call 0911562031/0911587703
Adress:- Infront of Bole Medhanialem high school 
Open Monday - Monday from 8am until midnight áŠ¨áˆ°áŠ - áŠ¥áˆµáŠ¨ áˆ°áŠÂ  áŠ¨áŒ§á‰± 2:00 áˆµá‹“á‰µ - áŠ¥áˆµáŠ¨ áˆáˆ½á‰± 6:00 áˆ°á‹“á‰µ
ğŸğŸğŸ á‹¨á‰µáˆ«áŠ•áˆµá–áˆ­á‰µ áŠ áˆ›áˆ«áŒ­ áŠ¨70 - 200 á‰¥áˆ­
For delivery option fees are from 70 birr - 200 birr",scraping/data/raw/media/9376.jpg
9375,2024-06-06 15:33:04+00:00,-1001666492664,"KIRKLAND CHILDREN'S MULTIVITAMIN 
Price 4000 birr 
Telegram https://t.me/lobelia4cosmetics
MsgğŸ‘‰ Lobelia pharmacy and cosmetics 
â˜ï¸ call 0911562031/0911587703
Adress:- Infront of Bole Medhanialem high school 
Open Monday - Monday from 8am until midnight áŠ¨áˆ°áŠ - áŠ¥áˆµáŠ¨ áˆ°áŠÂ  áŠ¨áŒ§á‰± 2:00 áˆµá‹“á‰µ - áŠ¥áˆµáŠ¨ áˆáˆ½á‰± 6:00 áˆ°á‹“á‰µ
ğŸğŸğŸ á‹¨á‰µáˆ«áŠ•áˆµá–áˆ­á‰µ áŠ áˆ›áˆ«áŒ­ áŠ¨70 - 200 á‰¥áˆ­
For delivery option fees are from 70 birr - 200 birr",scraping/data/raw/media/9375.jpg
9374,2024-06-06 15:28:08+00:00,-1001666492664,"NIDO USA 2.2KG
Price 5900 birr 
Telegram https://t.me/lobelia4cosmetics
MsgğŸ‘‰ Lobelia pharmacy and cosmetics 
â˜ï¸ call 0911562031/0911587703
Adress:- Infront of Bole Medhanialem high school 
Open Monday - Monday from 8am until midnight áŠ¨áˆ°áŠ - áŠ¥áˆµáŠ¨ áˆ°áŠÂ  áŠ¨áŒ§á‰± 2:00 áˆµá‹“á‰µ - áŠ¥áˆµáŠ¨ áˆáˆ½á‰± 6:00 áˆ°á‹“á‰µ
ğŸğŸğŸ á‹¨á‰µáˆ«áŠ•áˆµá–áˆ­á‰µ áŠ áˆ›áˆ«áŒ­ áŠ¨70 - 200 á‰¥áˆ­
For delivery option fees are from 70 birr - 200 birr",scraping/data/raw/media/9374.jpg
9373,2024-06-06 15:07:22+00:00,-1001666492664,"MUSINEX EXPECTORANT 
Price 3000 birr 
Telegram https://t.me/lobelia4cosmetics
MsgğŸ‘‰ Lobelia pharmacy and cosmetics 
â˜ï¸ call 0911562031/0911587703
Adress:- Infront of Bole Medhanialem high school 
Open Monday - Monday from 8am until midnight áŠ¨áˆ°áŠ - áŠ¥áˆµáŠ¨ áˆ°áŠÂ  áŠ¨áŒ§á‰± 2:00 áˆµá‹“á‰µ - áŠ¥áˆµáŠ¨ áˆáˆ½á‰± 6:00 áˆ°á‹“á‰µ
ğŸğŸğŸ á‹¨á‰µáˆ«áŠ•áˆµá–áˆ­á‰µ áŠ áˆ›áˆ«áŒ­ áŠ¨70 - 200 á‰¥áˆ­
For delivery option fees are from 70 birr - 200 birr",scraping/data/raw/media/9373.jpg
9371,2024-06-06 15:05:58+00:00,-1001666492664,"MUSINEX EXPECTORANT AND COUGH SUPPRESSANT 
Price 3500 birr 
Telegram https://t.me/lobelia4cosmetics
MsgğŸ‘‰ Lobelia pharmacy and cosmetics 
â˜ï¸ call 0911562031/0911587703
Adress:- Infront of Bole Medhanialem high school 
Open Monday - Monday from 8am until midnight áŠ¨áˆ°áŠ - áŠ¥áˆµáŠ¨ áˆ°áŠÂ  áŠ¨áŒ§á‰± 2:00 áˆµá‹“á‰µ - áŠ¥áˆµáŠ¨ áˆáˆ½á‰± 6:00 áˆ°á‹“á‰µ
ğŸğŸğŸ á‹¨á‰µáˆ«áŠ•áˆµá–áˆ­á‰µ áŠ áˆ›áˆ«áŒ­ áŠ¨70 - 200 á‰¥áˆ­
For delivery option fees are from 70 birr - 200 birr",scraping/data/raw/media/9371.jpg
9370,2024-06-06 13:10:27+00:00,-1001666492664,"VITAMIN B12 200 tablets 
Price 5000 birr 
Telegram https://t.me/lobelia4cosmetics
MsgğŸ‘‰ Lobelia pharmacy and cosmetics 
â˜ï¸ call 0911562031/0911587703
Adress:- Infront of Bole Medhanialem high school 
Open Monday - Monday from 8am until midnight áŠ¨áˆ°áŠ - áŠ¥áˆµáŠ¨ áˆ°áŠÂ  áŠ¨áŒ§á‰± 2:00 áˆµá‹“á‰µ - áŠ¥áˆµáŠ¨ áˆáˆ½á‰± 6:00 áˆ°á‹“á‰µ
ğŸğŸğŸ á‹¨á‰µáˆ«áŠ•áˆµá–áˆ­á‰µ áŠ áˆ›áˆ«áŒ­ áŠ¨70 - 200 á‰¥áˆ­
For delivery option fees are from 70 birr - 200 birr",scraping/data/raw/media/9370.jpg
9369,2024-06-06 13:10:05+00:00,-1001666492664,"VITAMIN B12 150 GUMMIES 
Price 5000 birr 
Telegram https://t.me/lobelia4cosmetics
MsgğŸ‘‰ Lobelia pharmacy and cosmetics 
â˜ï¸ call 0911562031/0911587703
Adress:- Infront of Bole Medhanialem high school 
Open Monday - Monday from 8am until midnight áŠ¨áˆ°áŠ - áŠ¥áˆµáŠ¨ áˆ°áŠÂ  áŠ¨áŒ§á‰± 2:00 áˆµá‹“á‰µ - áŠ¥áˆµáŠ¨ áˆáˆ½á‰± 6:00 áˆ°á‹“á‰µ
ğŸğŸğŸ á‹¨á‰µáˆ«áŠ•áˆµá–áˆ­á‰µ áŠ áˆ›áˆ«áŒ­ áŠ¨70 - 200 á‰¥áˆ­
For delivery option fees are from 70 birr - 200 birr",scraping/data/raw/media/9369.jpg
9368,2024-06-06 12:30:03+00:00,-1001666492664,"ONE A DAY 50+ MEN 300 TABLETS 
Price 5500 birr 
Telegram https://t.me/lobelia4cosmetics
MsgğŸ‘‰ Lobelia pharmacy and cosmetics 
â˜ï¸ call 0911562031/0911587703
Adress:- Infront of Bole Medhanialem high school 
Open Monday - Monday from 8am until midnight áŠ¨áˆ°áŠ - áŠ¥áˆµáŠ¨ áˆ°áŠÂ  áŠ¨áŒ§á‰± 2:00 áˆµá‹“á‰µ - áŠ¥áˆµáŠ¨ áˆáˆ½á‰± 6:00 áˆ°á‹“á‰µ
ğŸğŸğŸ á‹¨á‰µáˆ«áŠ•áˆµá–áˆ­á‰µ áŠ áˆ›áˆ«áŒ­ áŠ¨70 - 200 á‰¥áˆ­
For delivery option fees are from 70 birr - 200 birr",scraping/data/raw/media/9368.jpg
9367,2024-06-06 12:24:41+00:00,-1001666492664,"ONE A DAY MEN 300 TABLETS 
Price 5500 birr 
Telegram https://t.me/lobelia4cosmetics
MsgğŸ‘‰ Lobelia pharmacy and cosmetics 
â˜ï¸ call 0911562031/0911587703
Adress:- Infront of Bole Medhanialem high school 
Open Monday - Monday from 8am until midnight áŠ¨áˆ°áŠ - áŠ¥áˆµáŠ¨ áˆ°áŠÂ  áŠ¨áŒ§á‰± 2:00 áˆµá‹“á‰µ - áŠ¥áˆµáŠ¨ áˆáˆ½á‰± 6:00 áˆ°á‹“á‰µ
ğŸğŸğŸ á‹¨á‰µáˆ«áŠ•áˆµá–áˆ­á‰µ áŠ áˆ›áˆ«áŒ­ áŠ¨70 - 200 á‰¥áˆ­
For delivery option fees are from 70 birr - 200 birr",scraping/data/raw/media/9367.jpg
9366,2024-06-06 10:46:43+00:00,-1001666492664,"Nido 1.8 kg 
Price 4000 birr 
Telegram https://t.me/lobelia4cosmetics
MsgğŸ‘‰ Lobelia pharmacy and cosmetics 
â˜ï¸ call 0911562031/0911587703
Adress:- Infront of Bole Medhanialem high school 
Open Monday - Monday from 8am until midnight áŠ¨áˆ°áŠ - áŠ¥áˆµáŠ¨ áˆ°áŠÂ  áŠ¨áŒ§á‰± 2:00 áˆµá‹“á‰µ - áŠ¥áˆµáŠ¨ áˆáˆ½á‰± 6:00 áˆ°á‹“á‰µ
ğŸğŸğŸ á‹¨á‰µáˆ«áŠ•áˆµá–áˆ­á‰µ áŠ áˆ›áˆ«áŒ­ áŠ¨70 - 200 á‰¥áˆ­
For delivery option fees are from 70 birr - 200 birr",scraping/data/raw/media/9366.jpg
9365,2024-06-06 10:41:49+00:00,-1001666492664,"FISH OIL 300 SOFTGELS 
Price 5000 birr 
Telegram https://t.me/lobelia4cosmetics
MsgğŸ‘‰ Lobelia pharmacy and cosmetics 
â˜ï¸ call 0911562031/0911587703
Adress:- Infront of Bole Medhanialem high school 
Open Monday - Monday from 8am until midnight áŠ¨áˆ°áŠ - áŠ¥áˆµáŠ¨ áˆ°áŠÂ  áŠ¨áŒ§á‰± 2:00 áˆµá‹“á‰µ - áŠ¥áˆµáŠ¨ áˆáˆ½á‰± 6:00 áˆ°á‹“á‰µ
ğŸğŸğŸ á‹¨á‰µáˆ«áŠ•áˆµá–áˆ­á‰µ áŠ áˆ›áˆ«áŒ­ áŠ¨70 - 200 á‰¥áˆ­
For delivery option fees are from 70 birr - 200 birr",scraping/data/raw/media/9365.jpg
9364,2024-06-06 10:41:49+00:00,-1001666492664,"FISH OIL 150 softgels 
Price 4000 birr 
Telegram https://t.me/lobelia4cosmetics
MsgğŸ‘‰ Lobelia pharmacy and cosmetics 
â˜ï¸ call 0911562031/0911587703
Adress:- Infront of Bole Medhanialem high school 
Open Monday - Monday from 8am until midnight áŠ¨áˆ°áŠ - áŠ¥áˆµáŠ¨ áˆ°áŠÂ  áŠ¨áŒ§á‰± 2:00 áˆµá‹“á‰µ - áŠ¥áˆµáŠ¨ áˆáˆ½á‰± 6:00 áˆ°á‹“á‰µ
ğŸğŸğŸ á‹¨á‰µáˆ«áŠ•áˆµá–áˆ­á‰µ áŠ áˆ›áˆ«áŒ­ áŠ¨70 - 200 á‰¥áˆ­
For delivery option fees are from 70 birr - 200 birr",scraping/data/raw/media/9364.jpg
9363,2024-06-06 10:41:49+00:00,-1001666492664,"NATURES BOUNTY VITAMIN D3 5000IU
Price 7000 birr 
Telegram https://t.me/lobelia4cosmetics
MsgğŸ‘‰ Lobelia pharmacy and cosmetics 
â˜ï¸ call 0911562031/0911587703
Adress:- Infront of Bole Medhanialem high school 
Open Monday - Monday from 8am until midnight áŠ¨áˆ°áŠ - áŠ¥áˆµáŠ¨ áˆ°áŠÂ  áŠ¨áŒ§á‰± 2:00 áˆµá‹“á‰µ - áŠ¥áˆµáŠ¨ áˆáˆ½á‰± 6:00 áˆ°á‹“á‰µ
ğŸğŸğŸ á‹¨á‰µáˆ«áŠ•áˆµá–áˆ­á‰µ áŠ áˆ›áˆ«áŒ­ áŠ¨70 - 200 á‰¥áˆ­
For delivery option fees are from 70 birr - 200 birr",scraping/data/raw/media/9363.jpg
9362,2024-06-06 10:41:48+00:00,-1001666492664,"WELL Baby Multivitamin Drop
Price 2800 birr 
Telegram https://t.me/lobelia4cosmetics
MsgğŸ‘‰ Lobelia pharmacy and cosmetics 
â˜ï¸ call 0911562031/0911587703
Adress:- Infront of Bole Medhanialem high school 
Open Monday - Monday from 8am until midnight áŠ¨áˆ°áŠ - áŠ¥áˆµáŠ¨ áˆ°áŠÂ  áŠ¨áŒ§á‰± 2:00 áˆµá‹“á‰µ - áŠ¥áˆµáŠ¨ áˆáˆ½á‰± 6:00 áˆ°á‹“á‰µ
ğŸğŸğŸ á‹¨á‰µáˆ«áŠ•áˆµá–áˆ­á‰µ áŠ áˆ›áˆ«áŒ­ áŠ¨70 - 200 á‰¥áˆ­
For delivery option fees are from 70 birr - 200 birr",scraping/data/raw/media/9362.jpg
9361,2024-06-06 10:41:48+00:00,-1001666492664,"Melatonin Gummies 
Price 5000 birr 
Telegram https://t.me/lobelia4cosmetics
MsgğŸ‘‰ Lobelia pharmacy and cosmetics 
â˜ï¸ call 0911562031/0911587703
Adress:- Infront of Bole Medhanialem high school 
Open Monday - Monday from 8am until midnight áŠ¨áˆ°áŠ - áŠ¥áˆµáŠ¨ áˆ°áŠÂ  áŠ¨áŒ§á‰± 2:00 áˆµá‹“á‰µ - áŠ¥áˆµáŠ¨ áˆáˆ½á‰± 6:00 áˆ°á‹“á‰µ
ğŸğŸğŸ á‹¨á‰µáˆ«áŠ•áˆµá–áˆ­á‰µ áŠ áˆ›áˆ«áŒ­ áŠ¨70 - 200 á‰¥áˆ­
For delivery option fees are from 70 birr - 200 birr",scraping/data/raw/media/9361.jpg
9360,2024-06-06 10:41:48+00:00,-1001666492664,"BIOTIN 220 GUMMIES 
Price 4000 birr 
Telegram https://t.me/lobelia4cosmetics
MsgğŸ‘‰ Lobelia pharmacy and cosmetics 
â˜ï¸ call 0911562031/0911587703
Adress:- Infront of Bole Medhanialem high school 
Open Monday - Monday from 8am until midnight áŠ¨áˆ°áŠ - áŠ¥áˆµáŠ¨ áˆ°áŠÂ  áŠ¨áŒ§á‰± 2:00 áˆµá‹“á‰µ - áŠ¥áˆµáŠ¨ áˆáˆ½á‰± 6:00 áˆ°á‹“á‰µ
ğŸğŸğŸ á‹¨á‰µáˆ«áŠ•áˆµá–áˆ­á‰µ áŠ áˆ›áˆ«áŒ­ áŠ¨70 - 200 á‰¥áˆ­
For delivery option fees are from 70 birr - 200 birr",scraping/data/raw/media/9360.jpg
9359,2024-06-06 10:41:48+00:00,-1001666492664,"SPRING VALLEY PRENATAL
Price 4500 birr 
Telegram https://t.me/lobelia4cosmetics
MsgğŸ‘‰ Lobelia pharmacy and cosmetics 
â˜ï¸ call 0911562031/0911587703
Adress:- Infront of Bole Medhanialem high school 
Open Monday - Monday from 8am until midnight áŠ¨áˆ°áŠ - áŠ¥áˆµáŠ¨ áˆ°áŠÂ  áŠ¨áŒ§á‰± 2:00 áˆµá‹“á‰µ - áŠ¥áˆµáŠ¨ áˆáˆ½á‰± 6:00 áˆ°á‹“á‰µ
ğŸğŸğŸ á‹¨á‰µáˆ«áŠ•áˆµá–áˆ­á‰µ áŠ áˆ›áˆ«áŒ­ áŠ¨70 - 200 á‰¥áˆ­
For delivery option fees are from 70 birr - 200 birr",scraping/data/raw/media/9359.jpg
9358,2024-06-06 10:41:48+00:00,-1001666492664,"ASPRIN 81mg 365 tablets 
Price 3000 birr 
Telegram https://t.me/lobelia4cosmetics
MsgğŸ‘‰ Lobelia pharmacy and cosmetics 
â˜ï¸ call 0911562031/0911587703
Adress:- Infront of Bole Medhanialem high school 
Open Monday - Monday from 8am until midnight áŠ¨áˆ°áŠ - áŠ¥áˆµáŠ¨ áˆ°áŠÂ  áŠ¨áŒ§á‰± 2:00 áˆµá‹“á‰µ - áŠ¥áˆµáŠ¨ áˆáˆ½á‰± 6:00 áˆ°á‹“á‰µ
ğŸğŸğŸ á‹¨á‰µáˆ«áŠ•áˆµá–áˆ­á‰µ áŠ áˆ›áˆ«áŒ­ áŠ¨70 - 200 á‰¥áˆ­
For delivery option fees are from 70 birr - 200 birr",scraping/data/raw/media/9358.jpg
9357,2024-06-06 10:41:48+00:00,-1001666492664,"GLUCOSAMINE 1000MG/100MG 90 CAPSULES 
Price 5000 birr 
Telegram https://t.me/lobelia4cosmetics
MsgğŸ‘‰ Lobelia pharmacy and cosmetics 
â˜ï¸ call 0911562031/0911587703
Adress:- Infront of Bole Medhanialem high school 
Open Monday - Monday from 8am until midnight áŠ¨áˆ°áŠ - áŠ¥áˆµáŠ¨ áˆ°áŠÂ  áŠ¨áŒ§á‰± 2:00 áˆµá‹“á‰µ - áŠ¥áˆµáŠ¨ áˆáˆ½á‰± 6:00 áˆ°á‹“á‰µ
ğŸğŸğŸ á‹¨á‰µáˆ«áŠ•áˆµá–áˆ­á‰µ áŠ áˆ›áˆ«áŒ­ áŠ¨70 - 200 á‰¥áˆ­
For delivery option fees are from 70 birr - 200 birr",scraping/data/raw/media/9357.jpg
9356,2024-06-06 10:41:48+00:00,-1001666492664,"BABY D DROP 120 DROP
Price 3200 birr 
Telegram https://t.me/lobelia4cosmetics
MsgğŸ‘‰ Lobelia pharmacy and cosmetics 
â˜ï¸ call 0911562031/0911587703
Adress:- Infront of Bole Medhanialem high school 
Open Monday - Monday from 8am until midnight áŠ¨áˆ°áŠ - áŠ¥áˆµáŠ¨ áˆ°áŠÂ  áŠ¨áŒ§á‰± 2:00 áˆµá‹“á‰µ - áŠ¥áˆµáŠ¨ áˆáˆ½á‰± 6:00 áˆ°á‹“á‰µ
ğŸğŸğŸ á‹¨á‰µáˆ«áŠ•áˆµá–áˆ­á‰µ áŠ áˆ›áˆ«áŒ­ áŠ¨70 - 200 á‰¥áˆ­
For delivery option fees are from 70 birr - 200 birr",scraping/data/raw/media/9356.jpg
9355,2024-06-06 10:41:48+00:00,-1001666492664,"VITAMIN B12 400 SOFTGELS 
Price 5500 birr 
Telegram https://t.me/lobelia4cosmetics
MsgğŸ‘‰ Lobelia pharmacy and cosmetics 
â˜ï¸ call 0911562031/0911587703
Adress:- Infront of Bole Medhanialem high school 
Open Monday - Monday from 8am until midnight áŠ¨áˆ°áŠ - áŠ¥áˆµáŠ¨ áˆ°áŠÂ  áŠ¨áŒ§á‰± 2:00 áˆµá‹“á‰µ - áŠ¥áˆµáŠ¨ áˆáˆ½á‰± 6:00 áˆ°á‹“á‰µ
ğŸğŸğŸ á‹¨á‰µáˆ«áŠ•áˆµá–áˆ­á‰µ áŠ áˆ›áˆ«áŒ­ áŠ¨70 - 200 á‰¥áˆ­
For delivery option fees are from 70 birr - 200 birr",scraping/data/raw/media/9355.jpg
9354,2024-06-06 10:41:48+00:00,-1001666492664,"now CASTOR OIL 473ML
Price 4000 birr 
Telegram https://t.me/lobelia4cosmetics
MsgğŸ‘‰ Lobelia pharmacy and cosmetics 
â˜ï¸ call 0911562031/0911587703
Adress:- Infront of Bole Medhanialem high school 
Open Monday - Monday from 8am until midnight áŠ¨áˆ°áŠ - áŠ¥áˆµáŠ¨ áˆ°áŠÂ  áŠ¨áŒ§á‰± 2:00 áˆµá‹“á‰µ - áŠ¥áˆµáŠ¨ áˆáˆ½á‰± 6:00 áˆ°á‹“á‰µ
ğŸğŸğŸ á‹¨á‰µáˆ«áŠ•áˆµá–áˆ­á‰µ áŠ áˆ›áˆ«áŒ­ áŠ¨70 - 200 á‰¥áˆ­
For delivery option fees are from 70 birr - 200 birr",scraping/data/raw/media/9354.jpg
9353,2024-06-06 10:41:48+00:00,-1001666492664,"Enfamil NEURO PRO GENTLEASE
Price 5500 birr 
Telegram https://t.me/lobelia4cosmetics
MsgğŸ‘‰ Lobelia pharmacy and cosmetics 
â˜ï¸ call 0911562031/0911587703
Adress:- Infront of Bole Medhanialem high school 
Open Monday - Monday from 8am until midnight áŠ¨áˆ°áŠ - áŠ¥áˆµáŠ¨ áˆ°áŠÂ  áŠ¨áŒ§á‰± 2:00 áˆµá‹“á‰µ - áŠ¥áˆµáŠ¨ áˆáˆ½á‰± 6:00 áˆ°á‹“á‰µ
ğŸğŸğŸ á‹¨á‰µáˆ«áŠ•áˆµá–áˆ­á‰µ áŠ áˆ›áˆ«áŒ­ áŠ¨70 - 200 á‰¥áˆ­
For delivery option fees are from 70 birr - 200 birr",scraping/data/raw/media/9353.jpg
9352,2024-06-06 10:41:48+00:00,-1001666492664,"ENFAMIL A PLUS 765GM 
Price 5500 birr 
Telegram https://t.me/lobelia4cosmetics
MsgğŸ‘‰ Lobelia pharmacy and cosmetics 
â˜ï¸ call 0911562031/0911587703
Adress:- Infront of Bole Medhanialem high school 
Open Monday - Monday from 8am until midnight áŠ¨áˆ°áŠ - áŠ¥áˆµáŠ¨ áˆ°áŠÂ  áŠ¨áŒ§á‰± 2:00 áˆµá‹“á‰µ - áŠ¥áˆµáŠ¨ áˆáˆ½á‰± 6:00 áˆ°á‹“á‰µ
ğŸğŸğŸ á‹¨á‰µáˆ«áŠ•áˆµá–áˆ­á‰µ áŠ áˆ›áˆ«áŒ­ áŠ¨70 - 200 á‰¥áˆ­
For delivery option fees are from 70 birr - 200 birr",scraping/data/raw/media/9352.jpg
9351,2024-06-06 10:41:48+00:00,-1001666492664,"SIMILAC ADVANCE 
Price 3700 birr 
Telegram https://t.me/lobelia4cosmetics
MsgğŸ‘‰ Lobelia pharmacy and cosmetics 
â˜ï¸ call 0911562031/0911587703
Adress:- Infront of Bole Medhanialem high school 
Open Monday - Monday from 8am until midnight áŠ¨áˆ°áŠ - áŠ¥áˆµáŠ¨ áˆ°áŠÂ  áŠ¨áŒ§á‰± 2:00 áˆµá‹“á‰µ - áŠ¥áˆµáŠ¨ áˆáˆ½á‰± 6:00 áˆ°á‹“á‰µ
ğŸğŸğŸ á‹¨á‰µáˆ«áŠ•áˆµá–áˆ­á‰µ áŠ áˆ›áˆ«áŒ­ áŠ¨70 - 200 á‰¥áˆ­
For delivery option fees are from 70 birr - 200 birr",scraping/data/raw/media/9351.jpg
9350,2024-06-06 10:41:48+00:00,-1001666492664,"go & grow 850gm
Price 5300 birr 
Telegram https://t.me/lobelia4cosmetics
MsgğŸ‘‰ Lobelia pharmacy and cosmetics 
â˜ï¸ call 0911562031/0911587703
Adress:- Infront of Bole Medhanialem high school 
Open Monday - Monday from 8am until midnight áŠ¨áˆ°áŠ - áŠ¥áˆµáŠ¨ áˆ°áŠÂ  áŠ¨áŒ§á‰± 2:00 áˆµá‹“á‰µ - áŠ¥áˆµáŠ¨ áˆáˆ½á‰± 6:00 áˆ°á‹“á‰µ
ğŸğŸğŸ á‹¨á‰µáˆ«áŠ•áˆµá–áˆ­á‰µ áŠ áˆ›áˆ«áŒ­ áŠ¨70 - 200 á‰¥áˆ­
For delivery option fees are from 70 birr - 200 birr",scraping/data/raw/media/9350.jpg
9349,2024-06-06 10:41:48+00:00,-1001666492664,"NAN PREMATURE
Price 2500 birr 
Telegram https://t.me/lobelia4cosmetics
MsgğŸ‘‰ Lobelia pharmacy and cosmetics 
â˜ï¸ call 0911562031/0911587703
Adress:- Infront of Bole Medhanialem high school 
Open Monday - Monday from 8am until midnight áŠ¨áˆ°áŠ - áŠ¥áˆµáŠ¨ áˆ°áŠÂ  áŠ¨áŒ§á‰± 2:00 áˆµá‹“á‰µ - áŠ¥áˆµáŠ¨ áˆáˆ½á‰± 6:00 áˆ°á‹“á‰µ
ğŸğŸğŸ á‹¨á‰µáˆ«áŠ•áˆµá–áˆ­á‰µ áŠ áˆ›áˆ«áŒ­ áŠ¨70 - 200 á‰¥áˆ­
For delivery option fees are from 70 birr - 200 birr",scraping/data/raw/media/9349.jpg
9348,2024-06-06 10:41:47+00:00,-1001666492664,"Glucerna 400gm 
Price 2800 birr 
Telegram https://t.me/lobelia4cosmetics
MsgğŸ‘‰ Lobelia pharmacy and cosmetics 
â˜ï¸ call 0911562031/0911587703
Adress:- Infront of Bole Medhanialem high school 
Open Monday - Monday from 8am until midnight áŠ¨áˆ°áŠ - áŠ¥áˆµáŠ¨ áˆ°áŠÂ  áŠ¨áŒ§á‰± 2:00 áˆµá‹“á‰µ - áŠ¥áˆµáŠ¨ áˆáˆ½á‰± 6:00 áˆ°á‹“á‰µ
ğŸğŸğŸ á‹¨á‰µáˆ«áŠ•áˆµá–áˆ­á‰µ áŠ áˆ›áˆ«áŒ­ áŠ¨50 - 150 á‰¥áˆ­
For delivery option fees are from 50 birr - 150 birr",scraping/data/raw/media/9348.jpg
9347,2024-06-06 10:41:47+00:00,-1001666492664,"Pediasure 3+ 1.6kg 
Price 4600 birr 
Telegram https://t.me/lobelia4cosmetics
MsgğŸ‘‰ Lobelia pharmacy and cosmetics 
â˜ï¸ call 0911562031/0911587703
Adress:- Infront of Bole Medhanialem high school 
Open Monday - Monday from 8am until midnight áŠ¨áˆ°áŠ - áŠ¥áˆµáŠ¨ áˆ°áŠÂ  áŠ¨áŒ§á‰± 2:00 áˆµá‹“á‰µ - áŠ¥áˆµáŠ¨ áˆáˆ½á‰± 6:00 áˆ°á‹“á‰µ
ğŸğŸğŸ á‹¨á‰µáˆ«áŠ•áˆµá–áˆ­á‰µ áŠ áˆ›áˆ«áŒ­ áŠ¨70 - 200 á‰¥áˆ­
For delivery option fees are from 70 birr - 200 birr",scraping/data/raw/media/9347.jpg
9346,2024-06-06 10:41:47+00:00,-1001666492664,"Pediasure 3+ 1.6kg 
Price 4600 birr 
Telegram https://t.me/lobelia4cosmetics
MsgğŸ‘‰ Lobelia pharmacy and cosmetics 
â˜ï¸ call 0911562031/0911587703
Adress:- Infront of Bole Medhanialem high school 
Open Monday - Monday from 8am until midnight áŠ¨áˆ°áŠ - áŠ¥áˆµáŠ¨ áˆ°áŠÂ  áŠ¨áŒ§á‰± 2:00 áˆµá‹“á‰µ - áŠ¥áˆµáŠ¨ áˆáˆ½á‰± 6:00 áˆ°á‹“á‰µ
ğŸğŸğŸ á‹¨á‰µáˆ«áŠ•áˆµá–áˆ­á‰µ áŠ áˆ›áˆ«áŒ­ áŠ¨70 - 200 á‰¥áˆ­
For delivery option fees are from 70 birr - 200 birr",scraping/data/raw/media/9346.jpg
9344,2024-06-06 10:41:47+00:00,-1001666492664,"PROBIOTIC 50 GUMMIES 
Price 4500 birr 
Telegram https://t.me/lobelia4cosmetics
MsgğŸ‘‰ Lobelia pharmacy and cosmetics 
â˜ï¸ call 0911562031/0911587703
Adress:- Infront of Bole Medhanialem high school 
Open Monday - Monday from 8am until midnight áŠ¨áˆ°áŠ - áŠ¥áˆµáŠ¨ áˆ°áŠÂ  áŠ¨áŒ§á‰± 2:00 áˆµá‹“á‰µ - áŠ¥áˆµáŠ¨ áˆáˆ½á‰± 6:00 áˆ°á‹“á‰µ
ğŸğŸğŸ á‹¨á‰µáˆ«áŠ•áˆµá–áˆ­á‰µ áŠ áˆ›áˆ«áŒ­ áŠ¨70 - 200 á‰¥áˆ­
For delivery option fees are from 70 birr - 200 birr",scraping/data/raw/media/9344.jpg
9341,2024-06-06 10:41:47+00:00,-1001666492664,"Clean&Clear acne gel 
Price 2500 birr 
Telegram https://t.me/lobelia4cosmetics
MsgğŸ‘‰ Lobelia pharmacy and cosmetics 
â˜ï¸ call 0911562031/0911587703
Adress:- Infront of Bole Medhanialem high school 
Open Monday - Monday from 8am until midnight áŠ¨áˆ°áŠ - áŠ¥áˆµáŠ¨ áˆ°áŠÂ  áŠ¨áŒ§á‰± 2:00 áˆµá‹“á‰µ - áŠ¥áˆµáŠ¨ áˆáˆ½á‰± 6:00 áˆ°á‹“á‰µ
ğŸğŸğŸ á‹¨á‰µáˆ«áŠ•áˆµá–áˆ­á‰µ áŠ áˆ›áˆ«áŒ­ áŠ¨70 -
200 á‰¥áˆ­
For delivery option fees are from 70 birr - 200 birr",scraping/data/raw/media/9341.jpg
9340,2024-06-06 10:41:47+00:00,-1001666492664,"Coconut oil 
Price 4500 birr 
Telegram https://t.me/lobelia4cosmetics
MsgğŸ‘‰ Lobelia pharmacy and cosmetics 
â˜ï¸ call 0911562031/0911587703
Adress:- Infront of Bole Medhanialem high school 
Open Monday - Monday from 8am until midnight áŠ¨áˆ°áŠ - áŠ¥áˆµáŠ¨ áˆ°áŠÂ  áŠ¨áŒ§á‰± 2:00 áˆµá‹“á‰µ - áŠ¥áˆµáŠ¨ áˆáˆ½á‰± 6:00 áˆ°á‹“á‰µ
ğŸğŸğŸ á‹¨á‰µáˆ«áŠ•áˆµá–áˆ­á‰µ áŠ áˆ›áˆ«áŒ­ áŠ¨70 - 200 á‰¥áˆ­
For delivery option fees are from 70 birr - 200 birr",scraping/data/raw/media/9340.jpg
9339,2024-06-06 10:41:47+00:00,-1001666492664,"DAY &NIGHT QUIL 
Price 4000 birr pair
Telegram https://t.me/lobelia4cosmetics
MsgğŸ‘‰ Lobelia pharmacy and cosmetics 
â˜ï¸ call 0911562031/0911587703
Adress:- Infront of Bole Medhanialem high school 
Open Monday - Monday from 8am until midnight áŠ¨áˆ°áŠ - áŠ¥áˆµáŠ¨ áˆ°áŠÂ  áŠ¨áŒ§á‰± 2:00 áˆµá‹“á‰µ - áŠ¥áˆµáŠ¨ áˆáˆ½á‰± 6:00 áˆ°á‹“á‰µ
ğŸğŸğŸ á‹¨á‰µáˆ«áŠ•áˆµá–áˆ­á‰µ áŠ áˆ›áˆ«áŒ­ áŠ¨70 - 200 á‰¥áˆ­
For delivery option fees are from 70 birr - 200 birr",scraping/data/raw/media/9339.jpg
9338,2024-06-06 10:41:47+00:00,-1001666492664,,scraping/data/raw/media/9338.jpg
9337,2024-06-06 10:41:47+00:00,-1001666492664,"DAY & NIGHT QUIL 
Price 2200 birr
Telegram https://t.me/lobelia4cosmetics
MsgğŸ‘‰ Lobelia pharmacy and cosmetics 
â˜ï¸ call 0911562031/0911587703
Adress:- Infront of Bole Medhanialem high school 
Open Monday - Monday from 8am until midnight áŠ¨áˆ°áŠ - áŠ¥áˆµáŠ¨ áˆ°áŠÂ  áŠ¨áŒ§á‰± 2:00 áˆµá‹“á‰µ - áŠ¥áˆµáŠ¨ áˆáˆ½á‰± 6:00 áˆ°á‹“á‰µ
ğŸğŸğŸ á‹¨á‰µáˆ«áŠ•áˆµá–áˆ­á‰µ áŠ áˆ›áˆ«áŒ­ áŠ¨70 - 200 á‰¥áˆ­
For delivery option fees are from 70 birr - 200 birr",scraping/data/raw/media/9337.jpg
9336,2024-06-06 10:41:47+00:00,-1001666492664,"MUSINEX COUGH SYRUP 
Price 2500 birr 
Telegram https://t.me/lobelia4cosmetics
MsgğŸ‘‰ Lobelia pharmacy and cosmetics 
â˜ï¸ call 0911562031/0911587703
Adress:- Infront of Bole Medhanialem high school 
Open Monday - Monday from 8am until midnight áŠ¨áˆ°áŠ - áŠ¥áˆµáŠ¨ áˆ°áŠÂ  áŠ¨áŒ§á‰± 2:00 áˆµá‹“á‰µ - áŠ¥áˆµáŠ¨ áˆáˆ½á‰± 6:00 áˆ°á‹“á‰µ
ğŸğŸğŸ á‹¨á‰µáˆ«áŠ•áˆµá–áˆ­á‰µ áŠ áˆ›áˆ«áŒ­ áŠ¨70 - 200 á‰¥áˆ­
For delivery option fees are from 70 birr - 200 birr",scraping/data/raw/media/9336.jpg
9335,2024-06-06 10:41:47+00:00,-1001666492664,"NAIL FUNGAL RENEWAL 
Price 3000 birr 
Telegram https://t.me/lobelia4cosmetics
MsgğŸ‘‰ Lobelia pharmacy and cosmetics 
â˜ï¸ call 0911562031/0911587703
Adress:- Infront of Bole Medhanialem high school 
Open Monday - Monday from 8am until midnight áŠ¨áˆ°áŠ - áŠ¥áˆµáŠ¨ áˆ°áŠÂ  áŠ¨áŒ§á‰± 2:00 áˆµá‹“á‰µ - áŠ¥áˆµáŠ¨ áˆáˆ½á‰± 6:00 áˆ°á‹“á‰µ
ğŸğŸğŸ á‹¨á‰µáˆ«áŠ•áˆµá–áˆ­á‰µ áŠ áˆ›áˆ«áŒ­ áŠ¨70 - 200 á‰¥áˆ­
For delivery option fees are from 70 birr - 200 birr",scraping/data/raw/media/9335.jpg
9334,2024-06-06 10:41:47+00:00,-1001666492664,"NAIL RESTORE 
Price 3000 birr 
Telegram https://t.me/lobelia4cosmetics
MsgğŸ‘‰ Lobelia pharmacy and cosmetics 
â˜ï¸ call 0911562031/0911587703
Adress:- Infront of Bole Medhanialem high school 
Open Monday - Monday from 8am until midnight áŠ¨áˆ°áŠ - áŠ¥áˆµáŠ¨ áˆ°áŠÂ  áŠ¨áŒ§á‰± 2:00 áˆµá‹“á‰µ - áŠ¥áˆµáŠ¨ áˆáˆ½á‰± 6:00 áˆ°á‹“á‰µ
ğŸğŸğŸ á‹¨á‰µáˆ«áŠ•áˆµá–áˆ­á‰µ áŠ áˆ›áˆ«áŒ­ áŠ¨70 - 200 á‰¥áˆ­
For delivery option fees are from 70 birr - 200 birr",scraping/data/raw/media/9334.jpg
9333,2024-06-05 14:22:38+00:00,-1001666492664,"MULTI 150 GUMMIES 
Price 5000 birr 
Telegram https://t.me/lobelia4cosmetics
MsgğŸ‘‰ Lobelia pharmacy and cosmetics 
â˜ï¸ call 0911562031/0911587703
Adress:- Infront of Bole Medhanialem high school 
Open Monday - Monday from 8am until midnight áŠ¨áˆ°áŠ - áŠ¥áˆµáŠ¨ áˆ°áŠÂ  áŠ¨áŒ§á‰± 2:00 áˆµá‹“á‰µ - áŠ¥áˆµáŠ¨ áˆáˆ½á‰± 6:00 áˆ°á‹“á‰µ
ğŸğŸğŸ á‹¨á‰µáˆ«áŠ•áˆµá–áˆ­á‰µ áŠ áˆ›áˆ«áŒ­ áŠ¨70 - 200 á‰¥áˆ­
For delivery option fees are from 70 birr - 200 birr",scraping/data/raw/media/9333.jpg
9331,2024-06-05 13:09:57+00:00,-1001666492664,"VITAMIN D3 5000IU
Price 5000 birr 
Telegram https://t.me/lobelia4cosmetics
MsgğŸ‘‰ Lobelia pharmacy and cosmetics 
â˜ï¸ call 0911562031/0911587703
Adress:- Infront of Bole Medhanialem high school 
Open Monday - Monday from 8am until midnight áŠ¨áˆ°áŠ - áŠ¥áˆµáŠ¨ áˆ°áŠÂ  áŠ¨áŒ§á‰± 2:00 áˆµá‹“á‰µ - áŠ¥áˆµáŠ¨ áˆáˆ½á‰± 6:00 áˆ°á‹“á‰µ
ğŸğŸğŸ á‹¨á‰µáˆ«áŠ•áˆµá–áˆ­á‰µ áŠ áˆ›áˆ«áŒ­ áŠ¨70 - 200 á‰¥áˆ­
For delivery option fees are from 70 birr - 200 birr",scraping/data/raw/media/9331.jpg
9330,2024-06-05 13:09:07+00:00,-1001666492664,"APPLE CIDER 120 GUMMIES 
Price 5000 birr 
Telegram https://t.me/lobelia4cosmetics
MsgğŸ‘‰ Lobelia pharmacy and cosmetics 
â˜ï¸ call 0911562031/0911587703
Adress:- Infront of Bole Medhanialem high school 
Open Monday - Monday from 8am until midnight áŠ¨áˆ°áŠ - áŠ¥áˆµáŠ¨ áˆ°áŠÂ  áŠ¨áŒ§á‰± 2:00 áˆµá‹“á‰µ - áŠ¥áˆµáŠ¨ áˆáˆ½á‰± 6:00 áˆ°á‹“á‰µ
ğŸğŸğŸ á‹¨á‰µáˆ«áŠ•áˆµá–áˆ­á‰µ áŠ áˆ›áˆ«áŒ­ áŠ¨70 - 200 á‰¥áˆ­
For delivery option fees are from 70 birr - 200 birr",scraping/data/raw/media/9330.jpg
9329,2024-06-05 13:07:47+00:00,-1001666492664,"COLLAGEN 180 TABLETS 
Price 5500 birr 
Telegram https://t.me/lobelia4cosmetics
MsgğŸ‘‰ Lobelia pharmacy and cosmetics 
â˜ï¸ call 0911562031/0911587703
Adress:- Infront of Bole Medhanialem high school 
Open Monday - Monday from 8am until midnight áŠ¨áˆ°áŠ - áŠ¥áˆµáŠ¨ áˆ°áŠÂ  áŠ¨áŒ§á‰± 2:00 áˆµá‹“á‰µ - áŠ¥áˆµáŠ¨ áˆáˆ½á‰± 6:00 áˆ°á‹“á‰µ
ğŸğŸğŸ á‹¨á‰µáˆ«áŠ•áˆµá–áˆ­á‰µ áŠ áˆ›áˆ«áŒ­ áŠ¨70 - 200 á‰¥áˆ­
For delivery option fees are from 70 birr - 200 birr",scraping/data/raw/media/9329.jpg
9328,2024-06-04 15:35:06+00:00,-1001666492664,"Enfamil NEURO PRO GENTLEASE
Price 5500 birr 
Telegram https://t.me/lobelia4cosmetics
MsgğŸ‘‰ Lobelia pharmacy and cosmetics 
â˜ï¸ call 0911562031/0911587703
Adress:- Infront of Bole Medhanialem high school 
Open Monday - Monday from 8am until midnight áŠ¨áˆ°áŠ - áŠ¥áˆµáŠ¨ áˆ°áŠÂ  áŠ¨áŒ§á‰± 2:00 áˆµá‹“á‰µ - áŠ¥áˆµáŠ¨ áˆáˆ½á‰± 6:00 áˆ°á‹“á‰µ
ğŸğŸğŸ á‹¨á‰µáˆ«áŠ•áˆµá–áˆ­á‰µ áŠ áˆ›áˆ«áŒ­ áŠ¨70 - 200 á‰¥áˆ­
For delivery option fees are from 70 birr - 200 birr",scraping/data/raw/media/9328.jpg
9327,2024-06-04 15:35:05+00:00,-1001666492664,"ENFAMIL A PLUS 765GM 
Price 5500 birr 
Telegram https://t.me/lobelia4cosmetics
MsgğŸ‘‰ Lobelia pharmacy and cosmetics 
â˜ï¸ call 0911562031/0911587703
Adress:- Infront of Bole Medhanialem high school 
Open Monday - Monday from 8am until midnight áŠ¨áˆ°áŠ - áŠ¥áˆµáŠ¨ áˆ°áŠÂ  áŠ¨áŒ§á‰± 2:00 áˆµá‹“á‰µ - áŠ¥áˆµáŠ¨ áˆáˆ½á‰± 6:00 áˆ°á‹“á‰µ
ğŸğŸğŸ á‹¨á‰µáˆ«áŠ•áˆµá–áˆ­á‰µ áŠ áˆ›áˆ«áŒ­ áŠ¨70 - 200 á‰¥áˆ­
For delivery option fees are from 70 birr - 200 birr",scraping/data/raw/media/9327.jpg
9326,2024-06-04 15:35:05+00:00,-1001666492664,"SIMILAC ADVANCE 
Price 3700 birr 
Telegram https://t.me/lobelia4cosmetics
MsgğŸ‘‰ Lobelia pharmacy and cosmetics 
â˜ï¸ call 0911562031/0911587703
Adress:- Infront of Bole Medhanialem high school 
Open Monday - Monday from 8am until midnight áŠ¨áˆ°áŠ - áŠ¥áˆµáŠ¨ áˆ°áŠÂ  áŠ¨áŒ§á‰± 2:00 áˆµá‹“á‰µ - áŠ¥áˆµáŠ¨ áˆáˆ½á‰± 6:00 áˆ°á‹“á‰µ
ğŸğŸğŸ á‹¨á‰µáˆ«áŠ•áˆµá–áˆ­á‰µ áŠ áˆ›áˆ«áŒ­ áŠ¨70 - 200 á‰¥áˆ­
For delivery option fees are from 70 birr - 200 birr",scraping/data/raw/media/9326.jpg
9325,2024-06-04 15:35:05+00:00,-1001666492664,"NAN PREMATURE
Price 2500 birr 
Telegram https://t.me/lobelia4cosmetics
MsgğŸ‘‰ Lobelia pharmacy and cosmetics 
â˜ï¸ call 0911562031/0911587703
Adress:- Infront of Bole Medhanialem high school 
Open Monday - Monday from 8am until midnight áŠ¨áˆ°áŠ - áŠ¥áˆµáŠ¨ áˆ°áŠÂ  áŠ¨áŒ§á‰± 2:00 áˆµá‹“á‰µ - áŠ¥áˆµáŠ¨ áˆáˆ½á‰± 6:00 áˆ°á‹“á‰µ
ğŸğŸğŸ á‹¨á‰µáˆ«áŠ•áˆµá–áˆ­á‰µ áŠ áˆ›áˆ«áŒ­ áŠ¨70 - 200 á‰¥áˆ­
For delivery option fees are from 70 birr - 200 birr",scraping/data/raw/media/9325.jpg
9324,2024-06-04 15:34:37+00:00,-1001666492664,"Wellbaby multivitamin drop 
Price 3000 birr 
Telegram https://t.me/lobelia4cosmetics
MsgğŸ‘‰ Lobelia pharmacy and cosmetics 
â˜ï¸ call 0911562031/0911587703
Adress:- Infront of Bole Medhanialem high school 
Open Monday - Monday from 8am until midnight áŠ¨áˆ°áŠ - áŠ¥áˆµáŠ¨ áˆ°áŠÂ  áŠ¨áŒ§á‰± 2:00 áˆµá‹“á‰µ - áŠ¥áˆµáŠ¨ áˆáˆ½á‰± 6:00 áˆ°á‹“á‰µ
ğŸğŸğŸ á‹¨á‰µáˆ«áŠ•áˆµá–áˆ­á‰µ áŠ áˆ›áˆ«áŒ­ áŠ¨70 - 200 á‰¥áˆ­
For delivery option fees are from 70 birr - 200 birr",scraping/data/raw/media/9324.jpg
9323,2024-06-04 14:34:24+00:00,-1001666492664,"ONE A DAY MEN 300 TABLETS 
Price 5500 birr 
Telegram https://t.me/lobelia4cosmetics
MsgğŸ‘‰ Lobelia pharmacy and cosmetics 
â˜ï¸ call 0911562031/0911587703
Adress:- Infront of Bole Medhanialem high school 
Open Monday - Monday from 8am until midnight áŠ¨áˆ°áŠ - áŠ¥áˆµáŠ¨ áˆ°áŠÂ  áŠ¨áŒ§á‰± 2:00 áˆµá‹“á‰µ - áŠ¥áˆµáŠ¨ áˆáˆ½á‰± 6:00 áˆ°á‹“á‰µ
ğŸğŸğŸ á‹¨á‰µáˆ«áŠ•áˆµá–áˆ­á‰µ áŠ áˆ›áˆ«áŒ­ áŠ¨70 - 200 á‰¥áˆ­
For delivery option fees are from 70 birr - 200 birr",scraping/data/raw/media/9323.jpg
9322,2024-06-01 15:35:41+00:00,-1001666492664,"Qunol 30 softgels 
Price 3500 birr 
Telegram https://t.me/lobelia4cosmetics
MsgğŸ‘‰ Lobelia pharmacy and cosmetics 
â˜ï¸ call 0911562031/0911587703
Adress:- Infront of Bole Medhanialem high school 
Open Monday - Monday from 8am until midnight áŠ¨áˆ°áŠ - áŠ¥áˆµáŠ¨ áˆ°áŠÂ  áŠ¨áŒ§á‰± 2:00 áˆµá‹“á‰µ - áŠ¥áˆµáŠ¨ áˆáˆ½á‰± 6:00 áˆ°á‹“á‰µ
ğŸğŸğŸ á‹¨á‰µáˆ«áŠ•áˆµá–áˆ­á‰µ áŠ áˆ›áˆ«áŒ­ áŠ¨70 - 200 á‰¥áˆ­
For delivery option fees are from 70 birr - 200 birr",scraping/data/raw/media/9322.jpg
9321,2024-06-01 15:34:50+00:00,-1001666492664,"Qunol 60 softgels 
Price 4500 birr 
Telegram https://t.me/lobelia4cosmetics
MsgğŸ‘‰ Lobelia pharmacy and cosmetics 
â˜ï¸ call 0911562031/0911587703
Adress:- Infront of Bole Medhanialem high school 
Open Monday - Monday from 8am until midnight áŠ¨áˆ°áŠ - áŠ¥áˆµáŠ¨ áˆ°áŠÂ  áŠ¨áŒ§á‰± 2:00 áˆµá‹“á‰µ - áŠ¥áˆµáŠ¨ áˆáˆ½á‰± 6:00 áˆ°á‹“á‰µ
ğŸğŸğŸ á‹¨á‰µáˆ«áŠ•áˆµá–áˆ­á‰µ áŠ áˆ›áˆ«áŒ­ áŠ¨70 - 200 á‰¥áˆ­
For delivery option fees are from 70 birr - 200 birr",scraping/data/raw/media/9321.jpg
9320,2024-06-01 15:33:52+00:00,-1001666492664,"Qunol 120 softgels 
Price 6500 birr 
Telegram https://t.me/lobelia4cosmetics
MsgğŸ‘‰ Lobelia pharmacy and cosmetics 
â˜ï¸ call 0911562031/0911587703
Adress:- Infront of Bole Medhanialem high school 
Open Monday - Monday from 8am until midnight áŠ¨áˆ°áŠ - áŠ¥áˆµáŠ¨ áˆ°áŠÂ  áŠ¨áŒ§á‰± 2:00 áˆµá‹“á‰µ - áŠ¥áˆµáŠ¨ áˆáˆ½á‰± 6:00 áˆ°á‹“á‰µ
ğŸğŸğŸ á‹¨á‰µáˆ«áŠ•áˆµá–áˆ­á‰µ áŠ áˆ›áˆ«áŒ­ áŠ¨70 - 200 á‰¥áˆ­
For delivery option fees are from 70 birr - 200 birr",scraping/data/raw/media/9320.jpg
9319,2024-05-30 12:09:08+00:00,-1001666492664,"PRENATAL 150 softgels 
Price 5000 birr 
Telegram https://t.me/lobelia4cosmetics
MsgğŸ‘‰ Lobelia pharmacy and cosmetics 
â˜ï¸ call 0911562031/0911587703
Adress:- Infront of Bole Medhanialem high school 
Open Monday - Monday from 8am until midnight áŠ¨áˆ°áŠ - áŠ¥áˆµáŠ¨ áˆ°áŠÂ  áŠ¨áŒ§á‰± 2:00 áˆµá‹“á‰µ - áŠ¥áˆµáŠ¨ áˆáˆ½á‰± 6:00 áˆ°á‹“á‰µ
ğŸğŸğŸ á‹¨á‰µáˆ«áŠ•áˆµá–áˆ­á‰µ áŠ áˆ›áˆ«áŒ­ áŠ¨70 - 200 á‰¥áˆ­
For delivery option fees are from 70 birr - 200 birr",scraping/data/raw/media/9319.jpg
9318,2024-05-30 12:09:08+00:00,-1001666492664,"Wellman Conception 
Price 4000
Telegram https://t.me/lobelia4cosmetics
MsgğŸ‘‰ Lobelia pharmacy and cosmetics 
â˜ï¸ call 0911562031/0911587703
Adress:- Infront of Bole Medhanialem high school 
Open Monday - Monday from 8am until midnight áŠ¨áˆ°áŠ - áŠ¥áˆµáŠ¨ áˆ°áŠÂ  áŠ¨áŒ§á‰± 2:00 áˆµá‹“á‰µ - áŠ¥áˆµáŠ¨ áˆáˆ½á‰± 6:00 áˆ°á‹“á‰µ
ğŸğŸğŸ á‹¨á‰µáˆ«áŠ•áˆµá–áˆ­á‰µ áŠ áˆ›áˆ«áŒ­ áŠ¨70 - 200 á‰¥áˆ­
For delivery option fees are from 70 birr - 200 birr",scraping/data/raw/media/9318.jpg
9317,2024-05-30 12:09:07+00:00,-1001666492664,"ONE A DAY WOMEN'S 300 TABLETS 
Price 5500 birr 
Telegram https://t.me/lobelia4cosmetics
MsgğŸ‘‰ Lobelia pharmacy and cosmetics 
â˜ï¸ call 0911562031/0911587703
Adress:- Infront of Bole Medhanialem high school 
Open Monday - Monday from 8am until midnight áŠ¨áˆ°áŠ - áŠ¥áˆµáŠ¨ áˆ°áŠÂ  áŠ¨áŒ§á‰± 2:00 áˆµá‹“á‰µ - áŠ¥áˆµáŠ¨ áˆáˆ½á‰± 6:00 áˆ°á‹“á‰µ
ğŸğŸğŸ á‹¨á‰µáˆ«áŠ•áˆµá–áˆ­á‰µ áŠ áˆ›áˆ«áŒ­ áŠ¨70 - 200 á‰¥áˆ­
For delivery option fees are from 70 birr - 200 birr",scraping/data/raw/media/9317.jpg
9316,2024-05-30 12:09:07+00:00,-1001666492664,"PRENATAL 90 Gummies 
Price 5000 birr 
Telegram https://t.me/lobelia4cosmetics
MsgğŸ‘‰ Lobelia pharmacy and cosmetics 
â˜ï¸ call 0911562031/0911587703
Adress:- Infront of Bole Medhanialem high school 
Open Monday - Monday from 8am until midnight áŠ¨áˆ°áŠ - áŠ¥áˆµáŠ¨ áˆ°áŠÂ  áŠ¨áŒ§á‰± 2:00 áˆµá‹“á‰µ - áŠ¥áˆµáŠ¨ áˆáˆ½á‰± 6:00 áˆ°á‹“á‰µ
ğŸğŸğŸ á‹¨á‰µáˆ«áŠ•áˆµá–áˆ­á‰µ áŠ áˆ›áˆ«áŒ­ áŠ¨70 - 200 á‰¥áˆ­
For delivery option fees are from 70 birr - 200 birr",scraping/data/raw/media/9316.jpg
9315,2024-05-30 12:09:07+00:00,-1001666492664,"FISH OIL 150 softgels 
Price 4000 birr 
Telegram https://t.me/lobelia4cosmetics
MsgğŸ‘‰ Lobelia pharmacy and cosmetics 
â˜ï¸ call 0911562031/0911587703
Adress:- Infront of Bole Medhanialem high school 
Open Monday - Monday from 8am until midnight áŠ¨áˆ°áŠ - áŠ¥áˆµáŠ¨ áˆ°áŠÂ  áŠ¨áŒ§á‰± 2:00 áˆµá‹“á‰µ - áŠ¥áˆµáŠ¨ áˆáˆ½á‰± 6:00 áˆ°á‹“á‰µ
ğŸğŸğŸ á‹¨á‰µáˆ«áŠ•áˆµá–áˆ­á‰µ áŠ áˆ›áˆ«áŒ­ áŠ¨70 - 200 á‰¥áˆ­
For delivery option fees are from 70 birr - 200 birr",scraping/data/raw/media/9315.jpg
9314,2024-05-30 12:09:07+00:00,-1001666492664,"NATURES BOUNTY VITAMIN D3 5000IU
Price 7000 birr 
Telegram https://t.me/lobelia4cosmetics
MsgğŸ‘‰ Lobelia pharmacy and cosmetics 
â˜ï¸ call 0911562031/0911587703
Adress:- Infront of Bole Medhanialem high school 
Open Monday - Monday from 8am until midnight áŠ¨áˆ°áŠ - áŠ¥áˆµáŠ¨ áˆ°áŠÂ  áŠ¨áŒ§á‰± 2:00 áˆµá‹“á‰µ - áŠ¥áˆµáŠ¨ áˆáˆ½á‰± 6:00 áˆ°á‹“á‰µ
ğŸğŸğŸ á‹¨á‰µáˆ«áŠ•áˆµá–áˆ­á‰µ áŠ áˆ›áˆ«áŒ­ áŠ¨70 - 200 á‰¥áˆ­
For delivery option fees are from 70 birr - 200 birr",scraping/data/raw/media/9314.jpg
9313,2024-05-30 12:09:07+00:00,-1001666492664,"Melatonin Gummies 
Price 5000 birr 
Telegram https://t.me/lobelia4cosmetics
MsgğŸ‘‰ Lobelia pharmacy and cosmetics 
â˜ï¸ call 0911562031/0911587703
Adress:- Infront of Bole Medhanialem high school 
Open Monday - Monday from 8am until midnight áŠ¨áˆ°áŠ - áŠ¥áˆµáŠ¨ áˆ°áŠÂ  áŠ¨áŒ§á‰± 2:00 áˆµá‹“á‰µ - áŠ¥áˆµáŠ¨ áˆáˆ½á‰± 6:00 áˆ°á‹“á‰µ
ğŸğŸğŸ á‹¨á‰µáˆ«áŠ•áˆµá–áˆ­á‰µ áŠ áˆ›áˆ«áŒ­ áŠ¨70 - 200 á‰¥áˆ­
For delivery option fees are from 70 birr - 200 birr",scraping/data/raw/media/9313.jpg
9312,2024-05-30 12:09:07+00:00,-1001666492664,"BIOTIN 220 GUMMIES 
Price 4000 birr 
Telegram https://t.me/lobelia4cosmetics
MsgğŸ‘‰ Lobelia pharmacy and cosmetics 
â˜ï¸ call 0911562031/0911587703
Adress:- Infront of Bole Medhanialem high school 
Open Monday - Monday from 8am until midnight áŠ¨áˆ°áŠ - áŠ¥áˆµáŠ¨ áˆ°áŠÂ  áŠ¨áŒ§á‰± 2:00 áˆµá‹“á‰µ - áŠ¥áˆµáŠ¨ áˆáˆ½á‰± 6:00 áˆ°á‹“á‰µ
ğŸğŸğŸ á‹¨á‰µáˆ«áŠ•áˆµá–áˆ­á‰µ áŠ áˆ›áˆ«áŒ­ áŠ¨70 - 200 á‰¥áˆ­
For delivery option fees are from 70 birr - 200 birr",scraping/data/raw/media/9312.jpg
9311,2024-05-30 12:09:07+00:00,-1001666492664,"SPRING VALLEY PRENATAL
Price 4500 birr 
Telegram https://t.me/lobelia4cosmetics
MsgğŸ‘‰ Lobelia pharmacy and cosmetics 
â˜ï¸ call 0911562031/0911587703
Adress:- Infront of Bole Medhanialem high school 
Open Monday - Monday from 8am until midnight áŠ¨áˆ°áŠ - áŠ¥áˆµáŠ¨ áˆ°áŠÂ  áŠ¨áŒ§á‰± 2:00 áˆµá‹“á‰µ - áŠ¥áˆµáŠ¨ áˆáˆ½á‰± 6:00 áˆ°á‹“á‰µ
ğŸğŸğŸ á‹¨á‰µáˆ«áŠ•áˆµá–áˆ­á‰µ áŠ áˆ›áˆ«áŒ­ áŠ¨70 - 200 á‰¥áˆ­
For delivery option fees are from 70 birr - 200 birr",scraping/data/raw/media/9311.jpg
9310,2024-05-30 12:09:07+00:00,-1001666492664,"ASPRIN 81mg 365 tablets 
Price 3000 birr 
Telegram https://t.me/lobelia4cosmetics
MsgğŸ‘‰ Lobelia pharmacy and cosmetics 
â˜ï¸ call 0911562031/0911587703
Adress:- Infront of Bole Medhanialem high school 
Open Monday - Monday from 8am until midnight áŠ¨áˆ°áŠ - áŠ¥áˆµáŠ¨ áˆ°áŠÂ  áŠ¨áŒ§á‰± 2:00 áˆµá‹“á‰µ - áŠ¥áˆµáŠ¨ áˆáˆ½á‰± 6:00 áˆ°á‹“á‰µ
ğŸğŸğŸ á‹¨á‰µáˆ«áŠ•áˆµá–áˆ­á‰µ áŠ áˆ›áˆ«áŒ­ áŠ¨70 - 200 á‰¥áˆ­
For delivery option fees are from 70 birr - 200 birr",scraping/data/raw/media/9310.jpg
9309,2024-05-30 12:09:07+00:00,-1001666492664,"GLUCOSAMINE 1000MG/100MG 90 CAPSULES 
Price 5000 birr 
Telegram https://t.me/lobelia4cosmetics
MsgğŸ‘‰ Lobelia pharmacy and cosmetics 
â˜ï¸ call 0911562031/0911587703
Adress:- Infront of Bole Medhanialem high school 
Open Monday - Monday from 8am until midnight áŠ¨áˆ°áŠ - áŠ¥áˆµáŠ¨ áˆ°áŠÂ  áŠ¨áŒ§á‰± 2:00 áˆµá‹“á‰µ - áŠ¥áˆµáŠ¨ áˆáˆ½á‰± 6:00 áˆ°á‹“á‰µ
ğŸğŸğŸ á‹¨á‰µáˆ«áŠ•áˆµá–áˆ­á‰µ áŠ áˆ›áˆ«áŒ­ áŠ¨70 - 200 á‰¥áˆ­
For delivery option fees are from 70 birr - 200 birr",scraping/data/raw/media/9309.jpg
9308,2024-05-30 12:09:07+00:00,-1001666492664,"NATURES BOUNTY VITAMIN B12 200 TABLETS 
Price 5000 birr 
Telegram https://t.me/lobelia4cosmetics
MsgğŸ‘‰ Lobelia pharmacy and cosmetics 
â˜ï¸ call 0911562031/0911587703
Adress:- Infront of Bole Medhanialem high school 
Open Monday - Monday from 8am until midnight áŠ¨áˆ°áŠ - áŠ¥áˆµáŠ¨ áˆ°áŠÂ  áŠ¨áŒ§á‰± 2:00 áˆµá‹“á‰µ - áŠ¥áˆµáŠ¨ áˆáˆ½á‰± 6:00 áˆ°á‹“á‰µ
ğŸğŸğŸ á‹¨á‰µáˆ«áŠ•áˆµá–áˆ­á‰µ áŠ áˆ›áˆ«áŒ­ áŠ¨70 - 200 á‰¥áˆ­
For delivery option fees are from 70 birr - 200 birr",scraping/data/raw/media/9308.jpg
