message_id,date,sender_id,message
1083,2024-06-09 16:36:21+00:00,-1001447066276,
1082,2024-06-09 15:28:37+00:00,-1001447066276,рїЦрІФрЅёрІФрЅйрѕЂріЋ ріарїІрѕЕріЋ
1081,2024-06-09 15:05:18+00:00,-1001447066276,"https://t.me/yetenaweg?livestream

рѕхрѕѕ ріЕрѕІрѕірЅх рїцріЊ рЇБ рѕЁріГрѕЮріЊ ріЦріЊ рІ│рІФрѕірѕХрѕх рІерѕЮріЊрІ░рѕГрїѕрІЇ рІЅрІГрІГрЅх ріарѕЂріЋ рЅ░рїђрѕЮрѕ»рѕЇ рЇб рїарІГрЅЂрЇБ рЅ░рѕЏрѕЕ рЇБ рѕЏрІѕрЅЁ рѕѕрѕџрЇѕрѕЇрїЅ рѕіріљріЕріЋ рѕЏрїІрѕФрЅх рЅхрЅйрѕІрѕІрЅйрѕЂ"
1080,2024-06-09 15:01:25+00:00,-1001447066276,
1079,2024-06-06 07:51:31+00:00,-1001447066276,
1078,2024-06-06 07:51:30+00:00,-1001447066276,"­ЪЊБрЅарІџрѕЁ ріЦрѕЂрІх рЅарЅ┤рѕїрїЇрѕФрѕЮ рЅђрїЦрЅ│ рѕхрѕГрїГрЅх рІеріЕрѕІрѕірЅх рЅарѕйрЅ│ ріГрЅхрЅхрѕЇ ріЦріЊ рІерІ│рІФрѕірѕ▓рѕх рѕЁріГрѕЮріЊ рЅарѕџрѕЇ рѕГрІЋрѕх рЅарѕЮріЊрІ░рѕГрїѕрІЇ рІЇрІГрІГрЅх рІГрЅђрѕІрЅђрѕЅріЋрЇб

­ЪњДрІеріаріЋрІх рѕ░рІЇ ріЕрѕІрѕірЅх ріерІ░рѕЮ рІЇрѕхрїЦ рЅєрѕ╗рѕ╗ріЋ ріЦріЊ┬а рІерЅ░рѕѕрІФрІЕ рЇѕрѕ│рѕЙрЅйріЋ рЅарЅарЅѓ рѕЂріћрЅ│ рѕЏрїБрѕФрЅх рѕ▓рІФрЅЁрЅ░рІЇ рІ│рІФрѕірѕ▓рѕх рІФрѕхрЇѕрѕЇрїІрѕЇрЇб рІГрѕЁрѕЮ ріЦріЋрІ░ рІерѕхрі│рѕГ рЅарѕйрЅ│рЇБ рІерІ░рѕЮ рїЇрЇірЅх ріЦріЊ рІерЅ░рѕѕрІФрІЕ рІеріЕрѕІрѕірЅх рЅарѕйрЅ│рІјрЅй рЅБрѕЅ рѕЂріћрЅ│рІјрЅй рѕіріерѕ░рЅх рІГрЅйрѕІрѕЇрЇб

­ЪЌБріЦріЋрїЇрІХрЅ╗рЅйріЋ:
­ЪЉЅрІХ/рѕГ рѕЃрѕўрѕЇрѕЏрѕЇ рѕђ/рїірІ«рѕГрїірѕх┬а (рІеріЕрѕІрѕірЅх рѕЁріГрѕЮріЊ рѕхрЇћрѕ╗рѕірѕхрЅхрЇБ рЅарЅЁрІ▒рѕх рї│рІЇрѕјрѕх рѕџрѕіріњрІерѕЮ рѕюрІ▓ріФрѕЇ рі«рѕїрїЁ рІерІЇрѕхрїЦ рІ░рІї рѕЁріГрѕЮріЊ рѕерІ│рЅх рЇЋрѕ«рЇїрѕ░рѕГ) 

­ЪЉЅрІХ/рѕГ рЇЇрЇЂрѕЮ рїЦрѕІрѕЂріЋ (рЅарЅХрѕЏрѕх рїёрЇѕрѕГрѕ░ріЋ рІЕріњрЅерѕГрѕ▓рЅ▓ рѕєрѕхрЇњрЅ│рѕЇ рІеріЕрѕІрѕірЅх рѕЁріГрѕЮріЊ рѕхрЇћрѕ╗рѕірѕхрЅх)

­ЪЌЊріЦрѕЂрІх рѕ░ріћ 2 2016

РЈ░ріерѕЮрѕйрЅ▒ 12 рѕ░рІЊрЅх (рЅарібрЅхрІ«рїхрІФ)

­ЪњЦрІЇрІГрІГрЅ▒ріЋ рѕѕрѕўрЅђрѕІрЅђрѕЇ ріЦрІџрѕЁ рІГрїФріЉ 
­ЪЉЄ­ЪЉЄ­ЪЉЄ­ЪЉЄ­ЪЉЄ­ЪЉЄ­ЪЉЄ­ЪЉЄ
https://t.me/yetenaweg?livestream

­ЪЉЅрІерІЇрІГрІГрЅх рЅ╗ріЊрѕІрЅйріЋріЋ рѕѕрѕўрЅђрѕІрЅђрѕЇ ріЦрІџрѕЁ рІГрїФріЉ: https://t.me/+dl4juoncBxMyODVh"
1077,2024-06-05 20:27:37+00:00,-1001447066276,https://www.clubhouse.com/room/xlOVk34E?utm_medium=ch_room_xr&utm_campaign=hRlA5hD3l5eqiHBShxl5xA-1276560
1076,2024-06-04 15:06:35+00:00,-1001447066276,
1075,2024-05-31 17:24:31+00:00,-1001447066276,
1074,2024-05-31 17:24:30+00:00,-1001447066276,
1073,2024-05-31 17:24:30+00:00,-1001447066276,
1072,2024-05-31 17:24:29+00:00,-1001447066276,
1071,2024-05-31 17:24:29+00:00,-1001447066276,"рІерІўріЋрІхрѕ« рІерІЊрѕѕрѕЮ ріарЅђрЇЇ ріерЅхрѕЮрЅБрѕє ріљрї╗ рЅђріЋ рЅаріарѕѕрѕЮ ріарЅђрЇЇ рІ░рѕерїЃ  Рђ╣Рђ╣рѕЁрЇЃріЊрЅхріЊ рІѕрїБрЅХрЅйріЋ ріерЅхрѕЮрЅБрѕє рібріЋрІ▒рѕхрЅхрѕф рЅ░рЇЁрѕЁріќ рЅарѕўріерѕІріерѕЇ ріерЅхрѕЮрЅБрѕє ріљрЇЃ рЅхрІЇрѕЇрІх ріЦріЋрЇЇрїарѕГ!Рђ║Рђ║ рЅарѕџрѕЇ рѕўрѕф рЅЃрѕЇ ріЦрІерЅ░ріерЅарѕе рІГрїѕріЏрѕЇрЇАрЇА

рІерїцріЊ рІѕрїЇ рІерЅхрѕЮрЅБрѕє рѕЏрїерѕх рЅарїцріЊ рѕІрІГ рІерѕџрІФрѕхріерЅхрѕѕрІЇріЋ рїЅрІ│рЅх ріЦрІерЅ░рѕЏрѕЏрѕГріЋ рЅђріЉріЋ ріЦріЋрІхріЊрѕхрЅЦ рІГрїІрЅЦрІЏрѕЇрЇб

рЅхрѕЮрЅБрѕє рѕЏрїерѕхріЋ рЅарѕЏрЅєрѕЮ рїцріЋріљрЅ│рЅйріЋріЋ рѕўрїарЅарЅЁ ріЦріЊ рѕЏрІ░рѕх рІГрЅ╗рѕІрѕЇрЇб"
1070,2024-05-29 05:23:45+00:00,-1001447066276,"­ЪЊБ рѕхрЅхрѕ«ріГ рЅарѕйрЅ│ріЊ рѕЮрѕЇріГрЅХрЅ╣

­ЪњЦрѕхрЅхрѕ«ріГ рѕЏрѕѕрЅх рЅарІхріЋрїѕрЅх рІерѕџріерѕ░рЅх рІеріаріЋрїјрѕЇ рїЦрЅЃрЅх рѕ▓рѕєріЋ: рІерїГріЋрЅЁрѕІрЅх рІерІ░рѕЮ рІЮрІЇрІЇрѕГріЋ рЅарѕЏрЅєрѕЮ ріерЇЇрЅ░ріЏ рІеріаріЋрїјрѕЇріЊ рІерѕ░рІЇріљрЅх рїЅрІ│рЅх рІФрІ░рѕГрѕ│рѕЇ

┬а┬а┬а рІерѕхрЅхрѕ«ріГ рЅарѕйрЅ│ рѕЮрѕЇріГрЅХрЅй рѕЮріЋ ріЦріЋрІ░рѕєріЉ рІФрІЇрЅЃрѕЅ?

рІхріЋрїѕрЅ░ріЏ рІерѕўрІ░ріЋрІўрІЮ рѕхрѕюрЅх рІѕрІГрѕЮ рІхріГрѕўрЅхрЇА рЅарЅ░рѕѕрІГ рЅаріаріЋрІх рІерѕ░рІЇріљрЅх ріГрЇЇрѕЇ рЇірЅхріЋрЇБ ріГріЋрІх рІѕрІГрѕЮ ріЦрїЇрѕГріЋ рІГрїјрІ│рѕЇрЇб

рІерѕўріЊрїѕрѕГ рЅйрїЇрѕГрЇА рІхріЋрїѕрЅ░ріЏ ріЋрїЇрїЇрѕГріЋ рІерѕўрѕерІ│рЅх рЅйрїЇрѕГ рІѕрІГрѕЮ рЅЃрѕІрЅхріЋ рѕўрЇЇрїарѕГрЇб

рІерѕўрѕФрѕўрІх рЅйрїЇрѕГрЇА рІхріЋрїѕрЅ░ріЏ рѕўрЇЇрІўрІЮрЇБ рѕџрІЏріЋ рѕЏрїБрЅх рІѕрІГрѕЮ рЅЁріЋрїЁрЅх рѕЏрїБрЅхрЇб

рІерѕЏрІерЅх рЅйрїЇрѕГрЇА рЅаріаріЋрІх рІѕрІГрѕЮ рЅарѕЂрѕѕрЅ▒рѕЮ ріарІГріќрЅй рѕІрІГ рІхріЋрїѕрЅ░ріЏ рЅйрїЇрѕГрЇб

ріерЅБрІх рѕФрѕх рѕЮрЅ│рЅх ріЊ рѕїрѕјрЅйрѕЮ рѕЮрѕЇріГрЅХрЅйрЇб

­ЪЉЅрІерїЇріЋрЅдрЅх рІѕрѕГ┬а рЅарІеріарѕўрЅ▒ рІеріарѕѕрѕЮ рІерѕхрЅхрѕ«ріГ рІѕрѕГ
рЅарѕўрЅБрѕЇ рІГріерЅарѕФрѕЇрЇб┬а 

­ЪњЦ рѕхрѕѕ рѕхрЅхрѕ«ріГ рЅарѕйрЅ│┬а рІЮрѕГрІЮрѕГ рѕўрѕерїЃрІјрЅй рѕѕрѕЏрїЇріўрЅх ріЦрІџрѕЁ рІГрїФріЉ http://yetenaweg.com

­ЪњЦрІерЅ┤рѕїрїЇрѕФрѕЮ рЅ╗ріЊрѕІрЅйріЋріЋ рѕѕрѕўрЅђрѕІрЅђрѕЇ┬аріЦрІџрѕЁ рІГрїФріЉ"
1069,2024-05-28 11:40:34+00:00,-1001447066276,
1068,2024-05-28 11:40:34+00:00,-1001447066276,
1067,2024-05-28 11:40:33+00:00,-1001447066276,
1066,2024-05-28 11:40:33+00:00,-1001447066276,"рІерІѕрѕГ ріарЅарЅБ ріЋрЇЁрѕЁріЊ ріарїарЅБрЅарЅЁ

РюЇРюЇрЅарІеріарѕўрЅ▒ рЅарЇѕрѕеріЋрїєрЅй рїЇріЋрЅдрЅх 28┬а рІерІѕрѕГ ріарЅарЅБ ріЋрЇЁрѕЁріЊ рЅђріЋ рЅарѕўрЅБрѕЇ рІГріерЅарѕФрѕЇрЇб рЅђріЉ рѕ┤рЅХрЅй ріЦріЊ рѕЇрїЃрїѕрѕерІХрЅй рЅарІѕрѕГ ріарЅарЅБрЅИрІЇ рІѕрЅЁрЅх рІерѕџрІФрїІрїЦрѕЪрЅИрІЇріЋ рЅ░рїЇрІ│рѕ«рЅХрЅй рѕѕрѕЏрѕхрЅ│рІѕрѕхріЊ рѕѕрѕўрЅЁрѕерЇЇ┬а рІФрїѕрѕѕрїЇрѕІрѕЇрЇб 

­ЪЉЅрЅарЅ░рѕѕрІГ рІЮрЅЁрЅ░ріЏ рїѕрЅб рЅБрѕѕрЅБрЅИрІЇ рѕђрїѕрѕФрЅх рІеріЋрЇЂрѕЁ рІЇрѕЃрЇБ рІеріЋрЇЁрѕЁріЊ ріарїарЅБрЅарЅЁ ріЦріЊ рІеріЋрЇЁрѕЁріЊ рѕўрїарЅарЅѓрІФ рѕЮрѕГрЅХрЅй рЅ░рІ░рѕФрѕйріљрЅх рІЇрѕхріЋріљрЅх┬а рѕѕрѕўрїЇрЅ│рЅх рїЦрѕерЅх рІГрІ░рѕерїІрѕЇрЇб

­ЪњЦ рѕхрѕѕ рІерІѕрѕГ ріарЅарЅБ ріЋрЇЁрѕЁріЊ ріарїарЅБрЅарЅЁ рІЮрѕГрІЮрѕГ рѕўрѕерїЃрІјрЅй рѕѕрѕЏрїЇріўрЅх ріЦрІџрѕЁ рІГрїФріЉ 

https://shorturl.at/SVcbO

­ЪћИрѕѕрЅарѕѕрїа рѕўрѕерїЃ:┬а https://yetenaweg.com/"
1065,2024-05-26 16:11:43+00:00,-1001447066276,
1064,2024-05-26 15:03:01+00:00,-1001447066276,рЅ░рїђрѕЮрѕ»рѕЇ !!
1063,2024-05-26 14:55:42+00:00,-1001447066276,
1062,2024-05-23 05:12:25+00:00,-1001447066276,
1061,2024-05-23 05:12:24+00:00,-1001447066276,"рІерїцріЊ рІѕрїЇ┬а ­Ъћ┤рІерѕФрѕх рѕЮрЅ│рЅх­Ъћ┤ рЅарѕџрѕЇ рѕГрІЋрѕх рЅарЅ┤рѕїрїЇрѕФрѕЮ рЅђрїЦрЅ│ рѕхрѕГрїГрЅх рІЇрІГрІГрЅх рІГрІърѕІрЅйрѕЂ рѕўрїЦрЅирѕЇрЇб

РџА№ИЈрѕѕрѕФрѕх рѕЮрЅ│рЅх рѕўріерѕ░рЅх рІѕрІГрѕЮ рѕўрЅБрЅБрѕх ріарѕхрЅ░рІІрїйрід ріерѕџрІФрІ░рѕГрїЅ ріљрїѕрѕ«рЅй рѕўріФріерѕЇ: рїГріЋрЅђрЅхрЇБ рІерѕєрѕГрѕъріЋ рѕѕрІЇрїдрЅйрЇБ ріаріЋрІх ріаріЋрІх рІерѕЮрїЇрЅЦ ріарІГріљрЅХрЅйрЇБ рІеріЦріЋрЅЁрѕЇрЇЇ рѕўрІЏрЅБрЅх ріЦріЊ ріаріФрѕІрІі рѕЮріГріЋрІФрЅХрЅй ріЦріЋрІ░ рІ░ріФрѕЏ ріарЅђрѕЏрѕўрїЦ рІерЅ░рІѕрѕ░ріЉрЅх ріЊрЅИрІЇрЇб

­ЪЌБріЦріЋрїЇрІ│рЅйріЋ:
┬а┬а┬а┬а рІХ/рѕГ рЇЇрЅЁрѕЕ рЇђрѕђрІГріљрѕЁ (рІеріа.ріа рІеріљрѕГрЅГ рѕЁріГрѕЮріЊ рѕерІ│рЅх рЇЋрѕ«рЇїрѕ░рѕГ рЇБ рІерЅђрІхрѕъ рІеріљрѕГрЅГ рѕЁріГрѕЮріЊ ріГрЇЇрѕЇ рѕЃрѕІрЇі) 

­ЪЌЊріЦрѕЂрІх рїЇріЋрЅдрЅх 18 2016

РЈ░ріерѕЮрѕйрЅ▒ 12 рѕ░рІЊрЅх (рЅарібрЅхрІ«рїхрІФ)

­ЪњЦрІЇрІГрІГрЅ▒ріЋ рѕѕрѕўрЅђрѕІрЅђрѕЇ ріЦрІџрѕЁ рІГрїФріЉ 
­ЪЉЄ­ЪЉЄ­ЪЉЄ­ЪЉЄ­ЪЉЄ­ЪЉЄ­ЪЉЄ­ЪЉЄ
https://t.me/yetenaweg?livestream

­ЪЉЅрІерІЇрІГрІГрЅх рЅ╗ріЊрѕІрЅйріЋріЋ рѕѕрѕўрЅђрѕІрЅђрѕЇ ріЦрІџрѕЁ рІГрїФріЉ: https://t.me/+dl4juoncBxMyODVh"
1060,2024-05-22 15:07:30+00:00,-1001447066276,
1059,2024-05-19 16:25:38+00:00,-1001447066276,
1058,2024-05-19 14:59:23+00:00,-1001447066276,рЅ░рїђрѕЮрѕ»рѕЇ !!
1057,2024-05-19 14:58:05+00:00,-1001447066276,
1056,2024-05-18 07:43:59+00:00,-1001447066276,
1055,2024-05-18 07:43:58+00:00,-1001447066276,"Weekend with Yetena Weg! ­ЪїЪ

Join us for two informative sessions

CME - ""PSYCHIATRIC EMERGENCIES"" 

­ЪЋћ Time: 6:00 PM EAT
­ЪЊє Date: Saturday May 18

­ЪћЌ https://us02web.zoom.us/webinar/register/WN_G3Ig_sFpRZCaVXcrpXjdkg#/registration

 

Telegram Live  - "" рЅхріЕрѕ│рЅх рІФрѕѕрІЇ рѕЇрїЁРђЮ
­ЪЌЊріЦрѕЂрІх рїЇріЋрЅдрЅх 11 2016

РЈ░ріерѕЮрѕйрЅ▒ 12 рѕ░рІЊрЅх (рЅарібрЅхрІ«рїхрІФ)

­ЪњЦрІЇрІГрІГрЅ▒ріЋ рѕѕрѕўрЅђрѕІрЅђрѕЇ ріЦрІџрѕЁ рІГрїФріЉ 
­ЪЉЄ­ЪЉЄ­ЪЉЄ­ЪЉЄ­ЪЉЄ­ЪЉЄ­ЪЉЄ­ЪЉЄ

https://t.me/yetenaweg?livestream

Let's come together and learn. 

Don't miss out on the opportunity to gain valuable insights and advice Рђћmark your calendars and invite your community!"
1054,2024-05-17 13:58:27+00:00,-1001447066276,
1053,2024-05-17 13:58:26+00:00,-1001447066276,
1052,2024-05-17 13:58:26+00:00,-1001447066276,
1051,2024-05-17 13:58:25+00:00,-1001447066276,
1050,2024-05-17 13:58:25+00:00,-1001447066276,
1049,2024-05-17 13:58:24+00:00,-1001447066276,"рІерІ░рѕЮ рїЇрЇірЅх рѕўрїерѕўрѕГ ріЦріЊ рІерїцріЊ рѕўрІўрІърЅ╣!

РюЇРюЇ рІерІ░рѕЮ рїЇрЇірЅх рѕўрїерѕўрѕГ рЅарІ░рѕЮ рІѕрѕ│рїЁ рЅДріЋрЅДрІјрЅй рІЇрѕхрїЦ рІФрѕѕрІЇріЋ рІерІ░рѕЮ рїЇрЇірЅх рЅарЅІрѕџріљрЅх ріерЇЇ рІФрѕѕ ріЦріЋрІ▓рѕєріЋ ріЦріЊ  рЅарѕЇрЅЦ рѕІрІГ рЅ░рїерѕЏрѕф рїФріЊ рЅарѕўрЇЇрїарѕГ рѕѕрѕЇрЅЦ рѕЁрѕўрѕЮ ріЦріЊ рѕѕрѕхрЅхрѕ«ріГ рІерѕўрїІрѕѕрїЦ ріЦрІхрѕЇріЋ рІГрїерѕЮрѕФрѕЇрЇб


­ЪЉЅ рІеріарѕѕрѕЮ рІерІ░рѕЮ рїЇрЇірЅх рЅђріЋ рЅарІеріарѕўрЅ▒ рЅарЇѕрѕеріЋрїєрЅй ріарЅєрїБрїарѕГ рїЇріЋрЅдрЅх 17 рІГріерЅарѕФрѕЇрЇб┬а 

­ЪЉЅрІерІўріЋрІхрѕ«рІЇ┬а ""рІерІ░рѕЮ рїЇрЇірЅхрІјріЋ рЅарЅхріГріГрѕЇ рІГрѕѕріЕрЇБ рІГрЅєрїБрїарѕЕ рЇБрѕерїЁрѕЮ ріЦрІхрѕю рІГріЉрѕЕрЇб""┬а рЅарѕџрѕЇ рѕўрѕф рЅЃрѕЇ рЅ│рѕхрЅд рІГрІЇрѕІрѕЇрЇб

­ЪњЦ рѕхрѕѕ рІ░рѕЮ рїЇрЇірЅх┬а рІЮрѕГрІЮрѕГ рѕўрѕерїЃрІјрЅй рѕѕрѕЏрїЇріўрЅх ріЦрІџрѕЁ рІГрїФріЉ http://yetenaweg.com"
1042,2024-05-16 04:40:50+00:00,-1001447066276,
1041,2024-05-16 04:40:50+00:00,-1001447066276,
1040,2024-05-16 04:40:49+00:00,-1001447066276,
1039,2024-05-16 04:40:48+00:00,-1001447066276,рІерїцріЊ рІѕрїЇ рІерІЊрѕѕрѕЮ ріарЅђрЇЇ рІерЅ░рІ░рѕФрѕйріљрЅх рЅђріЋріЋ рѕхрѕѕ рЅ┤ріГріќрѕјрїѓріЊ рІ▓рїѓрЅ│рѕЇ рЅ░рІ░рѕФрѕйріљрЅх ріЦрІФрѕ░рЅЦріЋ ріарЅЦрѕеріЋ ріЦріЋрІхріЊріерЅЦрѕГ рІГрїІрЅЦрІЮрІјрЅ│рѕЇрЇб
1038,2024-05-14 11:05:55+00:00,-1001447066276,
1037,2024-05-14 11:05:55+00:00,-1001447066276,"­ЪћЦрЅарІџрѕЁ ріЦрѕЂрІх рЅарЅ┤рѕїрїЇрѕФрѕЮ рЅђрїЦрЅ│ рѕхрѕГрїГрЅх рЅхріЕрѕ│рЅх рІФрѕѕрІЇ рѕЇрїЁ рЅарѕџрѕЇ рѕГрІЋрѕх рЅарѕЮріЊрІ░рѕГрїѕрІЇ рІЇрІГрІГрЅх рІГрЅђрѕІрЅђрѕЅріЋрЇб

РЎе№ИЈрЅхріЕрѕ│рЅх ріерѕўрІ░рЅаріЏрІЇ ріГрѕЇрѕЇ рЅарѕІрІГ рІерѕ░рІЇріљрЅх рѕЎрЅђрЅх рѕўрїерѕўрѕГ рѕ▓рѕєріЋ рібріЋрЇїріГрѕйріќрЅйріЋ рѕѕрѕўрІІрїІрЅх ріЦріЊ рІерѕ░рІЇріљрЅхріЋ рЅарѕйрЅ│ рІерѕўріерѕІріерѕЇ рѕхрѕГрІЊрЅхріЋ рѕѕрѕЏріљрЅЃрЅЃрЅх рІерѕ░рІЇріљрЅх рЅ░рЇѕрїЦрѕ»рІі рѕЮрѕІрѕй ріљрІЇрЇб

­ЪЌБріЦріЋрїЇрІ│рЅйріЋ:
­ЪЉЅрІХ/рѕГ рїАрѕеріЮ ріарѕ░рЇІ (рІерѕЁрЇЃріЊрЅх рѕхрЇћрѕ╗рѕірѕхрЅх рѕЃріфрѕЮ ріЦріЊ рІерѕЁрЇЃріЊрЅх рібріЋрЇїріГрѕИрѕх рЅарѕйрЅ│рІјрЅй рЇїрѕј) 

­ЪЌЊріЦрѕЂрІх рїЇріЋрЅдрЅх 11 2016

РЈ░ріерѕЮрѕйрЅ▒ 12 рѕ░рІЊрЅх (рЅарібрЅхрІ«рїхрІФ)

­ЪњЦрІЇрІГрІГрЅ▒ріЋ рѕѕрѕўрЅђрѕІрЅђрѕЇ ріЦрІџрѕЁ рІГрїФріЉ 
­ЪЉЄ­ЪЉЄ­ЪЉЄ­ЪЉЄ­ЪЉЄ­ЪЉЄ­ЪЉЄ­ЪЉЄ
https://t.me/yetenaweg?livestream

­ЪЉЅрІерІЇрІГрІГрЅх рЅ╗ріЊрѕІрЅйріЋріЋ рѕѕрѕўрЅђрѕІрЅђрѕЇ ріЦрІџрѕЁ рІГрїФріЉ: https://t.me/+dl4juoncBxMyODVh"
1036,2024-05-13 21:57:37+00:00,-1001447066276,
1035,2024-05-13 21:56:24+00:00,-1001447066276,
1032,2024-05-07 14:23:24+00:00,-1001447066276,"­ЪњЦрІерїђрѕГрЅБ рѕЁрѕўрѕЮ

­ЪЉЅ рІерїђрѕГрЅБ рѕЁрѕўрѕЮ рѕЮріЋрІхріЋ ріљрІЇ? 

­ЪЉЅ ріЦрѕГрѕхрІјрѕх рїђрѕГрЅБрІјрЅхріЋ рІФрѕърЅ│рѕЇ? ріЦріЋрІ┤рЅх рІерїђрѕГрЅБ рѕЁрѕўрѕЮріЋ рѕўрЅђріљрѕх рІГрЅ╗рѕІрѕЇ?

­ЪњЦ рІерїцріЊ рІѕрїЇ ріерІџрѕЁ рЅђрІ░рѕЮ┬арІерїђрѕГрЅБ рѕЁрѕўрѕЮ рѕІрІГ рІФрІ░рѕерїЇріљрІЇріЋ рІЇрІГрІГрЅх ріарѕЂріЋ рЅарЅ┤рѕїрїЇрѕФрѕЮ рЅ╗ріЊрѕІрЅйріЋ рѕІрІГ рІФрІ│рѕЮрїАрЇб

РюеріЦріЋрїЇрІ│рЅйріЋ:
┬а┬а┬а┬а┬а┬а┬а┬а┬а┬а рІХ/рѕГ ріЦрѕхріГріЋрІхрѕГ ріерЅарІ░ рЅ│рІ░рѕ░ 


рІерїђрѕГрЅБ рѕЁрѕўрѕЮ рѕЮріЋ ріЦріЋрІ░рѕєріљ: рѕўріЋрѕхріц: ріЦріЋрІ┤рЅх рѕўріерѕІріерѕЇ ріЦріЊ рѕЏріерѕЮ ріЦріЋрІ░рѕџрЅ╗рѕЇ рѕѕрѕЏрІѕрЅЁ рІГрѕЁріЋріЋ рІЇрІГрІГрЅх ріЦріЋрїІрЅЦрІЮрІјрЅ│рѕѕріЋрЇб"
1031,2024-05-06 08:12:41+00:00,-1001447066276,"­ЪФђрѕЇрЅЦ ріЦріЊ рїЅрѕ«рѕ«ріЋ рѕЮріЋ ріарїѕріЊріўрІЇ?­Ъцћ

РЮц№ИЈрѕфрІЕрѕЏрЅ▓ріГ рІерѕЇрЅЦ рЅарѕйрЅ│ рЅарѕЇрЅЦ рІЇрѕхрїЦ рІ░рѕЮріЋ ріеріаріЋрІ▒ ріГрЇЇрѕЇ рІѕрІ░рѕїрѕІрІЇ рѕѕрѕЏрѕ│рѕѕрЇЇ рІерѕџрѕерІ▒ рІерѕЇрЅЦ рЅарѕ«рЅй/рЅФрѕЇрЅ«рЅйріЋ рІерѕџрІФрїарЅЃ рЅарѕйрЅ│┬аріљрІЇ::

РЮц№ИЈрѕѕрѕфрІЕрѕЏрЅ▓ріГ рІерѕЇрЅЦ рЅарѕйрЅ│ рІерѕџрІФрїІрѕЇрїА рІІріЊ┬а рѕўріЋрѕхріцрІјрЅй рЅарїЦрЅѓрЅ▒:-

┬а┬а┬а┬а┬а­ЪњДрІЮрЅЁрЅ░ріЏ рІеріЉрѕ« рІ░рѕерїЃ
┬а┬а┬а┬а┬а­ЪњД рЅарѕ░рІЇ рІерЅ░рїеріЊріљрЅђ рЅцрЅх рІЇрѕхрїЦ┬а┬а рѕўріќрѕГ
┬а┬а┬а┬а┬а­ЪњДрЅ░рІ░рїІрїІрѕџ рІерїЅрѕ«рѕ« рѕЁрѕўрѕЮ ріЦріЊ рІерЅХріЋрѕ▓рѕЇ рѕўрЅєрїБрЅх

РЮц№ИЈрѕфрІЕрѕЏрЅ▓ріГ рІерѕЇрЅЦ рЅарѕйрЅ│ рѕЮрѕЇріГрЅХрЅй ріЦріЋрІ▓рѕЂрѕЮ┬а рѕЮрѕГрѕўрѕФрІјрЅй рѕЮріЋрІх ріЊрЅИрІЇ?

┬аРЮц№ИЈрѕфрІЕрѕЏрЅ▓ріГ рІерѕЇрЅЦ рЅарѕйрЅ│┬а ріерѕўріерѕ░рЅ▒ рЅарЇірЅх рѕўріерѕІріерѕЇ ріЦріЋрІ░рѕџрЅ╗рѕЇ рѕЮріЋ рІФрѕЁрѕЇ рІФрІЇрЅЃрѕЅ?

­Ъњд ріЦріљрІџрѕЁріЋ ріЦріЊ рѕїрѕјрЅй рїЦрІФрЅёрІјрЅйріЋ рѕўрѕЇрѕх рѕѕрѕЏрїЇріўрЅх ­ЪЉЅ­ЪЈЙріЦрІџрѕЁ рІГрїФріЉрЇб

­Ъњд рІерЅ┤рѕїрїЇрѕФрѕЮ рЅ╗ріЊрѕІрЅйріЋріЋ рѕѕрѕўрЅђрѕІрЅђрѕЇ ­ЪЉЅ­ЪЈЙ ріЦрІџрѕЁ рІГрїФріЉрЇб"
1030,2024-05-01 17:29:59+00:00,-1001447066276,"On #MayDay, let's honor Ethiopia's healthcare professionals who give so much to us all. 
They deserve a living wage, fair working conditions, and access to basic needs like healthcare. 
Let's support our doctors, nurses, and all healthcare workers. 
It's time to take action. 
#WorkersDay #HealthcareHeroes"
1029,2024-04-30 04:24:58+00:00,-1001447066276,
1028,2024-04-30 04:24:58+00:00,-1001447066276,
1027,2024-04-30 04:24:57+00:00,-1001447066276,"­ЪјЌрІеріарѕѕрѕЮ рІеріГрЅхрЅБрЅх рѕ│рѕЮріЋрЅх рЅарІеріарѕўрЅ▒ рЅарЇѕрѕеріЋрїєрЅ╣ рІерѕџрІФрІџрІФ рІѕрѕГ рІерѕўрїерѕерѕ╗ рѕ│рѕЮріЋрЅх рІГріерЅарѕФрѕЇрЇб

­ЪјЌ№ИЈ┬а рІерІџрѕЁ ріарѕўрЅх рІеріарѕѕрѕЮ рІеріГрЅхрЅБрЅх рѕ│рѕЮріЋрЅх┬а ""рЅарѕ░рІЅ рІерѕџрЅ╗рѕЇ"" рЅарѕџрѕЇ рѕўрѕф рЅЃрѕЇ рЅ░ріерЅЦрѕ« рІГрІЇрѕІрѕЇ рЇб

­ЪћхрЅаріГрЅхрЅБрЅх рѕўріерѕІріерѕЇ рІерѕџрЅ╗рѕЅ рЅарѕйрЅ│рІјрЅйріЋ рѕѕрѕўрЅєрїБрїарѕГ рЅа1974 ріа.рѕЮ рІерЅ░рѕхрЇІрЇІрІЇ рІеріГрЅхрЅБрЅх рЇЋрѕ«рїЇрѕФрѕЮ рЅаріарѕѕрѕЮ рІерїцріЊ рІхрѕГрїЁрЅх рЅ░рїђрѕЮрѕ»рѕЇрЇц рібрЅхрІ«рїхрІФрѕЮ ріе1980 ріа.рѕЮ рїђрѕЮрѕ« рІГрѕЁріЋ ріЦрІерЅ░рїѕрЅарѕерЅй рЅхрїѕріЏрѕѕрЅйрЇб

­ЪњЦ рѕхрѕѕ ріГрЅхрЅБрЅх рІЮрѕГрІЮрѕГ рѕўрѕерїЃрІјрЅй рѕѕрѕЏрїЇріўрЅх ріЦрІџрѕЁ рІГрїФріЉ
­ЪЉЅ­ЪЈЙ yetenaweg.com

­ЪњЦрІерЅ┤рѕїрїЇрѕФрѕЮ рЅ╗ріЊрѕІрЅйріЋріЋ рѕѕрѕўрЅђрѕІрЅђрѕЇ┬а┬а ­ЪЉЅ­ЪЈЙ┬аріЦрІџрѕЁ рІГрїФріЉрЇб"
1026,2024-04-29 15:48:44+00:00,-1001447066276,"­ЪњЦрІерЅцрЅ░рѕ░рЅЦ ріЦрЅЁрІх

­ЪЉЅ рІерЅцрЅ░рѕ░рЅЦ ріЦрЅЁрІх рѕЮріЋрІхріЋ ріљрІЇ? 

­ЪЉЅ рѕхріЋрЅх ріарІГріљрЅх ріарѕЏрѕФрї«рЅй ріарѕЅ? рѕѕріЊріЋрЅ░рѕх рІерЅхріЏрІЇ рІГрѕ╗рѕІрѕЇ?

­ЪњЦ рІерїцріЊ рІѕрїЇ ріерІџрѕЁ рЅђрІ░рѕЮ┬арЅарЅцрЅ░рѕ░рЅЦ ріЦрЅЁрІх рѕІрІГ рІФрІ░рѕерїЇріљрІЇріЋ рІЇрІГрІГрЅх ріарѕЂріЋ рЅарЅ┤рѕїрїЇрѕФрѕЮ рЅ╗ріЊрѕІрЅйріЋ рѕІрІГ рІФрІ│рѕЮрїАрЇб

РюеріЦріЋрїЇрІ│рЅйріЋ:
┬а┬а┬а┬а┬а┬а┬а┬а┬а┬а рІХ/рѕГ рІ░рѕЮрѕ│рѕй рѕђрІГрѕЅ

рІерЅцрЅ░рѕ░рЅЦ ріЦрЅЁрІх ріарїѕрѕЇрїЇрѕјрЅхріЊ ріарїарЅЃрЅђрѕЮ рѕІрІГ рІФрѕѕрІјрЅхріЋ рїЇріЋрІЏрЅц рѕѕрѕЏрІ│рЅарѕГ рІГрѕЁріЋріЋ рІЇрІГрІГрЅх ріЦріЋрІ▓рІФрІ│рѕЮрїА ріЦріЋрїІрЅЦрІЮрІјрЅ│рѕѕріЋрЇб"
1025,2024-04-28 16:55:17+00:00,-1001447066276,
1024,2024-04-28 15:03:37+00:00,-1001447066276,рЅ░рїђрѕЮрѕФрѕЇ!!!
1023,2024-04-28 14:59:39+00:00,-1001447066276,
1022,2024-04-26 19:00:53+00:00,-1001447066276,рЅарІџрѕЁ рѕ│рѕЮріЋрЅх рІФрѕЅріЋ рІЮрїЇрїЁрЅХрЅй
1021,2024-04-24 00:33:53+00:00,-1001447066276,рїЦрІФрЅёрІФрЅйрѕЂріЋ рѕІріЕрѕЇріЋ
1020,2024-04-24 00:33:10+00:00,-1001447066276,
1019,2024-04-24 00:33:10+00:00,-1001447066276,"­ЪЊїрѕхрѕѕ рїђрѕГрЅБ рѕЁрѕўрѕЮ рѕЏрІѕрЅЁ рІГрЇѕрѕЇрїІрѕЅ?

­Ъћ┤рЅарІџрѕЁ ріЦрѕЂрІх рІерЅ┤рѕїрїЇрѕФрѕЮ рЅђрїЦрЅ│ рѕхрѕГрїГрЅ│рЅйріЋріЋ рІГрЅђрѕІрЅђрѕЅ!

­ЪњЦрІерїђрѕГрЅБ рѕЁрѕўрѕЮ рЅЦрІЎ рѕўріЋрѕхріцрІјрЅй рѕіріќрѕЕрЅх рІГрЅйрѕІрѕЇрЇбрІеріаріЌріЌрѕГ рІўрІГрЅцрІјрЅй ріЦріЋрІ░ рІЇрЇЇрѕерЅхрЇБ рѕўрїЦрЇј ріарЅђрѕЏрѕўрїЦ ріЦріЊ ріерЅБрІх рІЋрЅЃрІјрЅйріЋ рЅарЅ░рѕ│рѕ│рЅ░ рѕўріЋрїѕрІх рѕЏріЋрѕ│рЅх рѕѕрїђрѕГрЅБ рѕЁрѕўрѕЮ ріарѕхрЅ░рІІрїйрід рІФрІ░рѕГрїІрѕЅ рЇб

­ЪЉЅрѕхрѕѕ рїђрѕГрЅБ рѕЁрѕўрѕЮ рѕўріЋрѕхріцрІјрЅй 
­ЪЉЅрѕхрѕѕ рѕўріерѕІріерІФ рѕўріЋрїѕрІХрЅ╣ ріЦріЊ
­ЪЉЅрѕхрѕѕ рѕЁріГрѕЮріЊрІјрЅ╣ ріЦріЋрІѕрІФрІФрѕѕріЋ

ріЦріЋрїЇрІ│рЅйріЋ:
­ЪЌБ рІХ/рѕГ ріЦрѕхріГріЋрІхрѕГ ріерЅарІ░ рЅ│рІ░рѕ░ (рІеріарїЦріЋрЅх рѕЁріГрѕЮріЊ рѕхрЇћрѕ╗рѕірѕхрЅхрЇБ рІеріаріерѕГріФрѕф рѕЁріГрѕЮріЊ рѕ░рЅЦрѕхрЇћрѕ╗рѕірѕхрЅх)

­ЪЌЊріЦрѕЂрІх рѕџрІФрІџрІФ 20 2016

РЈ░ріерѕЮрѕйрЅ▒ 12 рѕ░рІЊрЅх рїђрѕЮрѕ« 

┬а┬а┬а┬а┬а┬а┬а ­ЪњЦріЦріЋрІ│рІФрѕўрѕЇрїЦрІј!­ЪњЦ

­ЪћЌрїЦрІФрЅёрІјрЅ╗рЅйрѕЂріЋ рЅарІЇрІГрІГрЅх рЅ╗ріЊрѕІрЅйріЋ рІФрѕхрЅ░рѕІрѕЇрЇЅ­ЪЉЄ­ЪЉЄ­ЪЉЄ­ЪЉЄ­ЪЉЄ­ЪЉЄ
https://t.me/+dl4juoncBxMyODVh

РюерІЇрІГрІГрЅ▒ріЋ рѕѕрѕўрЅђрѕІрЅђрѕЇ ріЦрІџрѕЁ рІГрїФріЉрЇб
­ЪЉЅhttps://t.me/yetenaweg?livestream"
1018,2024-04-23 03:53:06+00:00,-1001447066276,"­ЪњЦрІерЅцрЅ░рѕ░рЅЦ ріЦрЅЁрІх

­ЪЉЅ рІерЅцрЅ░рѕ░рЅЦ ріЦрЅЁрІх рѕЮріЋрІхріЋ ріљрІЇ? 

­ЪЉЅ рѕхріЋрЅх ріарІГріљрЅх ріарѕЏрѕФрї«рЅй ріарѕЅ? рѕѕріЊріЋрЅ░рѕх рІерЅхріЏрІЇ рІГрѕ╗рѕІрѕЇ?

­ЪњЦ рІерїцріЊ рІѕрїЇ ріерІџрѕЁ рЅђрІ░рѕЮ┬арЅарЅцрЅ░рѕ░рЅЦ ріЦрЅЁрІх рѕІрІГ рІФрІ░рѕерїЇріљрІЇріЋ рІЇрІГрІГрЅх ріарѕЂріЋ рЅарЅ┤рѕїрїЇрѕФрѕЮ рЅ╗ріЊрѕІрЅйріЋ рѕІрІГ рІФрІ│рѕЮрїАрЇб

РюеріЦріЋрїЇрІ│рЅйріЋ:
┬а┬а┬а┬а┬а┬а┬а┬а┬а┬а рІХ/рѕГ рІ░рѕЮрѕ│рѕй рѕђрІГрѕЅ

рІерЅцрЅ░рѕ░рЅЦ ріЦрЅЁрІх ріарїѕрѕЇрїЇрѕјрЅхріЊ ріарїарЅЃрЅђрѕЮ рѕІрІГ рІФрѕѕрІјрЅхріЋ рїЇріЋрІЏрЅц рѕѕрѕЏрІ│рЅарѕГ рІГрѕЁріЋріЋ рІЇрІГрІГрЅх ріЦріЋрїІрЅЦрІЮрІјрЅ│рѕѕріЋрЇб"
1017,2024-04-22 05:48:21+00:00,-1001447066276,"­ЪЊїрѕхрѕѕ рѕфрѕЁ рѕЮріЋ рІФрѕЁрѕЇ рІФрІЇрЅЃрѕЅ?

­ЪЊюрѕфрѕЁ рЅарѕўрїѕрїБрїарѕџрІФрІјрЅй рѕІрІГ рѕЁрѕўрѕЮ ріЦріЊ ріЦрЅЦрїарЅх рѕірІФрѕхріерЅхрѕЇ рІерѕџрЅйрѕЇ рІеріарѕГрЅхрѕФрІГрЅ░рѕх ріарІГріљрЅх ріљрІЇрЇб┬а

­ЪЊюрѕѕрѕфрѕЁ ріарїІрѕІрїГ рІерѕєріЉ рѕЮріГріЋрІФрЅХрЅй рЅарїЦрЅѓрЅ▒:-
┬а┬а┬а┬а┬а ­ЪћИріерѕўрїаріЋ рІФрѕѕрЇѕ рІЇрЇЇрѕерЅх
┬а┬а┬а┬а┬а ­ЪћИріерЇЇрЅ░ріЏ рІерІ░рѕЮ рїЇрЇірЅх
┬а┬а┬а┬а┬а ­ЪћИрѕЦрѕГ рІерѕ░рІ░рІ░ рІеріЕрѕІрѕірЅх рЅарѕйрЅ│
┬а┬а┬а┬а┬а ­ЪћИріерѕўрїаріЋ рЅарѕІрІГ рІеріарѕЇрі«рѕЇ рѕўрїарїЦ
┬а┬а┬а┬а┬а ­ЪћИріерЇЇрЅ░ріЏ рІерЇЋрѕ«рЅ▓ріЋ┬а рѕўрїаріЋ рІФрѕІрЅИрІЇріЋ┬а┬а┬а┬а┬а┬а┬а┬а┬а┬а┬а┬а рѕЮрїЇрЅдрЅй┬а ріарЅЦрІЮрЅХ рѕўрѕўрїѕрЅЦрЇб

­ЪћќрІерѕфрѕЁ рЅарѕйрЅ│ рѕЮрѕЇріГрЅХрЅй рѕЮріЋ рІГрѕўрѕхрѕІрѕЅ?
­ЪћќрІерѕфрѕЁ рЅарѕйрЅ│ рІЇрѕхрЅЦрѕхрЅЦ рІЇрїцрЅХрЅйрѕх?
­ЪћќрѕфрѕЁ ріЦріЋрІ┤рЅх рІГрЅ│ріерѕЏрѕЇ?

Рюе ріЦріљрІџрѕЁріЋ ріЦріЊ рѕїрѕјрЅй рїЦрІФрЅёрІјрЅйріЋ рѕўрѕЇрѕх рѕѕрѕЏрїЇріўрЅх ­ЪЉЅ­ЪЈЙ https://yetenaweg.com/%e1%88%b5%e1%88%88-%e1%88%aa%e1%88%85-%e1%89%a0%e1%88%bd%e1%89%b3-gout-%e1%88%9d%e1%8a%95-%e1%8b%ab%e1%88%85%e1%88%8d-%e1%8b%ab%e1%8b%8d%e1%89%83%e1%88%89/"
1016,2024-04-21 17:28:33+00:00,-1001447066276,
1015,2024-04-21 17:20:42+00:00,-1001447066276,
1014,2024-04-21 15:49:28+00:00,-1001447066276,"рѕхрѕѕ рІерѕўрѕЏрѕГ ріГрѕЁрѕјрЅх ріЦріГрѕЇ рїЦрІФрЅё ріФрѕІрЅйрѕЂ 

рІерЅђрїЦрЅ│ рІЇрІГрІГрЅх ріерЅБрѕѕрѕЎрІФрІјрЅй рїІрѕГ ­ЪЉЄ­ЪЈ┐

@YetenaW 
#Telegramlive 

https://t.me/yetenaweg?livestream=bba13fc35a5e79cc84"
1013,2024-04-21 15:06:54+00:00,-1001447066276,рЅ░рїђрѕЮрѕФрѕЇ!!!
1012,2024-04-21 14:53:51+00:00,-1001447066276,
1011,2024-04-21 14:34:59+00:00,-1001447066276,"рІЇрІГрІГрЅ│рЅйріЋ ріе30 рІ░рЅѓрЅЃ рЅаріІрѕІ рІГрїђрѕўрѕФрѕЇ
ріеріЦріЋрїЇрІХрЅ╗рЅйріЋ рїІрѕГ рІерѕўрѕЏрѕГ ріЦріГрѕЇ рѕЮріЋ ріЦріЋрІ░рѕєріљрЇБрѕўрЇЇрЅхрѕёрІЇрѕх ріЦріЊ  рІерІѕрѕІрїєрЅйріЋ рѕџріЊ ріЦріЋрІѕрІФрІФрѕѕріЋрЇб
ріЦріЋрІ│рІФрѕўрѕЇрїЦрІј! 

https://t.me/yetenaweg?livestream"
1010,2024-04-20 07:40:15+00:00,-1001447066276,
1009,2024-04-20 07:40:15+00:00,-1001447066276,"Weekend with Yetena Weg! ­ЪїЪ

Join us for two informative sessions


CME - ""CARE OF SURVIVORS OF SEXUAL ASSAULT ""

­ЪЋћ Time: 5:00 PM EAT
­ЪЊє Date: Saturday APRIL 20 

­ЪћЌ https://us02web.zoom.us/webinar/register/WN_Ku-L9n3kSKWXB8MUSY6zEg

 

Telegram Live  - ""рѕхрѕѕ рІерѕўрѕЏрѕГ ріГрѕЁрѕјрЅх ріЦріГрѕЇ""

­ЪЌЊріЦрѕЂрІх рѕџрІФрІџрІФ 13 2016

РЈ░ріерѕЮрѕйрЅ▒ 12 рѕ░рІЊрЅх (рЅарібрЅхрІ«рїхрІФ)

­ЪњЦрІЇрІГрІГрЅ▒ріЋ рѕѕрѕўрЅђрѕІрЅђрѕЇ ріЦрІџрѕЁ рІГрїФріЉ 
­ЪЉЄ­ЪЉЄ­ЪЉЄ­ЪЉЄ­ЪЉЄ­ЪЉЄ­ЪЉЄ­ЪЉЄ
https://t.me/yetenaweg?livestream

Let's come together and learn. 

Don't miss out on the opportunity to gain valuable insights and advice Рђћmark your calendars and invite your community!"
1008,2024-04-18 07:12:06+00:00,-1001447066276,"­ЪЊџрІерїцріЊ рІѕрїЇ рЅарІџрѕЁ ріЦрѕЂрІх рЅарЅ┤рѕїрїЇрѕФрѕЮ рЅђрїЦрЅ│ рѕхрѕГрїГрЅх РюерІерѕўрѕЏрѕГ ріЦріГрѕЇРюе рЅарѕџрѕЇ рѕГрІЋрѕх рЅарѕЮріЊрІ░рѕГрїѕрІЇ рІЇрІГрІГрЅх рІГрЅђрѕІрЅђрѕЅріЋрЇб

­ЪЌБріЦріЋрїЇрІХрЅ╗рЅйріЋ:
­ЪЉЅрЅ░рЅБрЅБрѕф ріўрѕ«рЇїрѕ░рѕГ ріарЅарЅБрІерѕЂ рѕўрѕ░рѕѕ (рІерЇІріЊ рІерЅ░рїЇрЅБрЅдрЅх ріЦріЊ рІерѕўрѕ░рѕерЅ│рІі рЅхрѕЮрѕЁрѕГрЅх  рІхрїІрЇЇ рѕўрѕхрїФ  рІерЅарїј ріарІхрѕФрїјрЅх рѕЏрѕЁрЅарѕГ рѕўрѕхрѕФрЅй ріЦріЊ рѕхрѕФ ріарѕхріфрІФрїЁ) 

­ЪЉЅріарЅХ рІФрЇїрЅх ріерЇѕрѕѕріЮ (рІеріарЅЦрѕГрѕєрЅх рѕ│рІГрі«рЅ┤рѕФрЇњ рѕЏрІЋріерѕЇ рѕўрѕхрѕФрЅй)

­ЪЊњрІерѕўрѕЏрѕГ ріЦріГрѕјрЅй рІерѕЏрѕ░рЅЦ рЅйрѕјрЅ│ рІѕрІГрѕЮ рїЦрѕерЅх рѕЏріљрѕхріЋ рІерѕџрІФрѕўрѕѕріГрЅ▒ ріарІГрІ░рѕЅрѕЮрЇб

рІерЅарѕѕрїа рѕѕрѕўрѕерІ│рЅх рІЇрІГрІГрЅ▒ріЋ рЅарЅђрїЦрЅ│ рІГріерЅ│рЅ░рѕЅ! 

­ЪЌЊріЦрѕЂрІх рѕџрІФрІџрІФ 13 2016

РЈ░ріерѕЮрѕйрЅ▒ 12 рѕ░рІЊрЅх (рЅарібрЅхрІ«рїхрІФ)

­ЪњЦрІЇрІГрІГрЅ▒ріЋ рѕѕрѕўрЅђрѕІрЅђрѕЇ ріЦрІџрѕЁ рІГрїФріЉ 
­ЪЉЄ­ЪЉЄ­ЪЉЄ­ЪЉЄ­ЪЉЄ­ЪЉЄ­ЪЉЄ­ЪЉЄ
https://t.me/yetenaweg?livestream

­ЪЉЅрІерІЇрІГрІГрЅх рЅ╗ріЊрѕІрЅйріЋріЋ рѕѕрѕўрЅђрѕІрЅђрѕЇ ріЦрІџрѕЁ рІГрїФріЉ: https://t.me/+dl4juoncBxMyODVh"
1007,2024-04-17 15:46:00+00:00,-1001447066276,
1006,2024-04-15 14:04:07+00:00,-1001447066276,
1005,2024-04-15 14:04:07+00:00,-1001447066276,
1004,2024-04-15 14:04:06+00:00,-1001447066276,"­ЪЉЅрІерЅцрЅ░рѕ░рЅЦ ріЦрЅЁрІх рїЇрѕѕрѕ░рЅдрЅйріЊ рїЦріЋрІХрЅй рІерѕџрЇѕрѕѕрїЅрЅхріЋ рІерѕЇрїєрЅй рЅЂрїЦрѕГ ріЦріЋрІ▓рѕЂрѕЮ рІерѕџрІѕрѕЇрІ▒рЅарЅхріЋ рїірІю рѕѕрѕўрІѕрѕ░ріЋ рІерѕџрІФрѕхрЅйрѕЇ рѕўріЋрїѕрІх ріљрІЇ рЇб

­ЪЉЅріЦрѕГрїЇрІЮріЊріЋ рѕўріерѕІріерѕЇ рЅарЇѕрЅЃрІ░ріЮріљрЅх рІерѕџрІ░рѕерїЇ рѕ▓рѕєріЋ рІЇрїцрЅ│рѕЏ ріЦріЊ рЅарЅђрѕІрѕЅ рїЦрЅЁрѕЮ рѕІрІГ рІерѕџрІЇрѕЅ рІерЅ░рѕѕрІФрІЕ рІўрІ┤рІјрЅйріЋ рЅарѕўрїарЅђрѕЮ ріЦрѕГрїЇрІЮріЊріЋ рѕѕрѕЏрІўрїЇрІерЅх рІѕрІГрѕЮ рѕЎрѕЅ рѕѕрѕЎрѕЅ рѕѕрѕЏрѕхрЅђрѕерЅх рІГрїарЅЁрѕЏрѕЇрЇАрЇА

­ЪЉЅрѕхрѕѕріЦрѕГрїЇрІЮріЊ рѕўріерѕІріерІФрІјрЅй рІерЅарѕѕрїа рѕўрѕерїЃ рѕѕрѕЏрїЇріўрЅх рІГрѕЁріЋріЋ рЇЁрѕЂрЇЇ рІФріЋрЅЦрЅАрЇб­ЪЉЄ

https://yetenaweg.com/%e1%8b%a8%e1%89%a4%e1%89%b0%e1%88%b0%e1%89%a5-%e1%8a%a5%e1%89%85%e1%8b%b5-%e1%8a%a5%e1%8a%93-%e1%8b%a8%e1%8b%88%e1%88%8a%e1%8b%b5-%e1%88%98%e1%8a%a8%e1%88%8b%e1%8a%a8%e1%8b%ab-%e1%88%9d%e1%88%ad/"
1003,2024-04-14 19:34:40+00:00,-1001447066276,
1002,2024-04-14 16:26:43+00:00,-1001447066276,
1001,2024-04-14 15:09:40+00:00,-1001447066276,рїђрѕЮрѕ»рѕЇ !!!
1000,2024-04-14 15:01:22+00:00,-1001447066276,
999,2024-04-14 14:47:54+00:00,-1001447066276,
998,2024-04-14 14:47:34+00:00,-1001447066276,
997,2024-04-14 14:47:02+00:00,-1001447066276,
996,2024-04-13 06:03:24+00:00,-1001447066276,
995,2024-04-13 06:03:23+00:00,-1001447066276,"Weekend with Yetena Weg! ­ЪїЪ

Join us for two incredible sessions

Hybrid CME - ""ADVANCING CARDIAC CARE IN ETHIOPIA""
­ЪЋћ Time: 3:00 PM EAT
­ЪЊє Date: Saturday APRIL 13
­ЪћЌ https://us02web.zoom.us/webinar/register/WN_m5CUklXoR6umgPPuVLBZTg

 

Telegram Live  - ""рѕхрѕѕ рІерЅцрЅ░рѕ░рЅЦ ріЦрЅЁрІх ріЦріЋрІѕрІФрІГ""
­ЪЋЋ ріерѕЮрѕйрЅ▒ 12 рѕ░рІЊрЅх (рЅарібрЅхрІ«рїхрІФ)
­ЪЊє ріЦрѕЂрІх рѕџрІФрІЮрІФ 6 2016

­ЪћЌ рІЇрІГрІГрЅ▒ріЋ рѕѕрѕўрЅђрѕІрЅђрѕЇ ріЦрІџрѕЁ рІГрїФріЉ 

https://t.me/yetenaweg?livestream

Let's come together and learn. 

Don't miss out on the opportunity to gain valuable insights and advice Рђћmark your calendars and invite your community!"
994,2024-04-11 06:33:45+00:00,-1001447066276,"РџА№ИЈрЅарІџрѕЁ ріЦрѕЂрІх рІерЅ┤рѕїрїЇрѕФрѕЮ рЅђрїЦрЅ│ рѕхрѕГрїГрЅх рІЇрІГрІГрЅ│рЅйріЋріЋ рІГрЅђрѕІрЅђрѕЅрЇб

рѕГрІЋрѕ│рЅйріЋ: рІерЅцрЅ░рѕ░рЅЦ ріЦрЅЁрІх

­Ъц░­Ъц░рІерІЊрѕѕрѕЮ рїцріЊ рІхрѕГрїЁрЅх (WHO) ріЦріЋрІ░рѕџрїѕрѕЇрїИрІЇ рІерЅцрЅ░рѕ░рЅЦ ріЦрЅЁрІх рїЇрѕѕрѕ░рЅдрЅйріЊ рїЦріЋрІХрЅй рІерѕџрЇѕрѕѕрїЅрЅхріЋ рІерѕЇрїєрЅй рЅЂрїЦрѕГ ріЦріЋрІ▓рѕЂрѕЮ рІерѕџрІѕрѕЇрІ▒рЅарЅхріЋ рїірІю рѕѕрѕўрІѕрѕ░ріЋ рІерѕџрІФрѕхрЅйрѕЇ рѕўріЋрїѕрІх ріљрІЇ рЇб рІГрѕЁріЋ рѕЏрІхрѕерїЇ рІерѕџрЅ╗рѕѕрІЇ рІерІѕрѕірІх рѕўріерѕІріерІФ рІўрІ┤рІјрЅйріЋ рЅарѕўрїарЅђрѕЮріЊ рѕўріФріЋріљрЅхріЋ рЅарѕЏріерѕЮ ріљрІЇрЇб

­ЪЌБріЦріЋрїЇрІ│рЅйріЋ:
рІХ/рѕГ рІ░рѕўрѕІрѕй рѕђрІГрѕЅ (рІерѕЏрѕЁрЇђріЋ ріЦріЊ рЇЁріЋрѕх рѕхрЇћрѕ╗рѕірѕхрЅхрЇБ рІерЅцрЅ░рѕ░рЅЦ ріЦрЅЁрІх ріЦріЊ рІерѕхріљ рЅ░рІІрѕЇрІХ рЇїрѕј) 

­ЪЌЊріЦрѕЂрІх рѕџрІФрІџрІФ 6 2016

РЈ░ріерѕЮрѕйрЅ▒ 12 рѕ░рІЊрЅх (рЅарібрЅхрІ«рїхрІФ)

РЮЊрїЦрІФрЅёрІјрЅ╗рЅ╣ріЋ рІГрѕІріЕрѕЇріЋ рІѕрІГрѕЮ рЅарЅђрїЦрЅ│ рѕўрїЦрЅ░рІЇ рІГрїарІГрЅЂ

­ЪњЦрІЇрІГрІГрЅ▒ріЋ рѕѕрѕўрЅђрѕІрЅђрѕЇ ріЦрІџрѕЁ рІГрїФріЉ 
­ЪЉЄ­ЪЉЄ­ЪЉЄ­ЪЉЄ­ЪЉЄ­ЪЉЄ­ЪЉЄ­ЪЉЄ
https://t.me/yetenaweg?livestream

­ЪЉЅрѕѕрЅарѕѕрїа рѕўрѕерїЃ ріЦрІџрѕЁ рІГрїФріЉ: https://t.me/+dl4juoncBxMyODVh"
993,2024-04-10 06:01:43+00:00,-1001447066276,
992,2024-04-03 13:29:29+00:00,-1001447066276,"рІерїцріЊ рІѕрїЇ рЅарѕЏрѕЁрЅарѕФрІі рѕџрІ▓рІФрІјрЅй рѕІрІГ рЅарЅ░рІ░рѕерїѕ рІерїѕріЋрІўрЅЦ рѕЏрѕ░рЅБрѕ░рЅЦ рЅБрїѕріўрІЇ рІхрїІрЇЇ рѕљрІІрѕБ рѕѕрѕџрїѕріўрІЇ рЅЦрѕФрІГрЅх рідрЅ▓рІЮрѕЮ рѕ┤ріЋрЅ░рѕГ 10 рІерѕџрѕєріЉ рідрЅ▓рІЮрѕЮ рѕІрѕѕрЅБрЅИрІЇ рѕЁрЇЃріЊрЅх рѕўрѕГрїЃ рІерѕџрѕєріЉ рІерїєрѕ« рѕЏрІ│рѕўрїФрІјрЅйріЋ (noise-cancelling headphones) ріарЅарѕГріГрЅирѕЇрЇб

рІГрѕЁ 3ріЏ рІЎрѕГ рѕЇрїѕрѕБрЅйріЋ рѕ▓рѕєріЋрЇБ ріЦрІЇріЋ ріЦріЋрІ▓рѕєріЋ рѕІрІ░рѕерїЅрЅх ріарѕхрЅ░рІІрїйрІќ ріЦрІФрѕўрѕхрїѕріЋріЋ ріерІџрѕЁ рЅарѕўрЅђрїарѕЇ рѕѕрѕџріќрѕЕріЋ ріЦріЋрЅЁрѕхрЅЃрѕ┤рІјрЅй ріарЅЦрѕерІЇріЋ ріЦріЋрІ░рѕџрѕєріЉ рЅ░рѕхрЇІ ріЦріЊрІ░рѕГрїІрѕѕріЋрЇб ­ЪњЏ"
991,2024-04-02 14:51:46+00:00,-1001447066276,"­ЪњЦрІерідрЅ▓рІЮрѕЮ рѕхрЇћріГрЅхрѕерѕЮ рІ▓рѕхрідрѕГрІ░рѕГ

­ЪЉЅ рідрЅ▓рІЮрѕЮ рѕЮріЋрІхріЋ ріљрІЇ? 

­ЪЉЅ рѕЮрѕЇріГрЅХрЅ╣рѕх рѕЮріЋрІхріЋ ріЊрЅИрІЇ?

­ЪњЦ рІерїцріЊ рІѕрїЇ ріерІџрѕЁ рЅђрІ░рѕЮ┬а рЅарідрЅ▓рІЮрѕЮ рѕхрЇћріГрЅхрѕерѕЮ рІ▓рѕхрідрѕГрІ░рѕГ рѕІрІГ рІФрІ░рѕерїЇріљрІЇріЋ рІЇрІГрІГрЅх ріарѕЂріЋ рЅарЅ┤рѕїрїЇрѕФрѕЮ рЅ╗ріЊрѕІрЅйріЋ рѕІрІГ рІФрІ│рѕЮрїАрЇб

РюеріЦріЋрїЇрІХрЅ╗рЅйріЋ:
┬а┬а┬а┬а┬а┬а┬а┬а┬а┬а ріарЅХ рЅарѕеріерЅх ріарІхрѕЏрѕ▒┬а 
┬а┬а┬а┬а┬а┬а┬а┬а┬а┬а рІѕ/рѕ« рІеріарѕѕрѕЮріЦрѕИрЅхріЋ ріЦріЊ
┬а┬а┬а┬а┬а┬а┬а┬а┬а┬а рІХ/рѕГ рІ«ріЊрѕх рЅБрѕЁрѕерїЦрЅарЅЦ
рІерІўріЋрІхрѕ« рІерідрЅ▓рІЮрѕЮ рїЇріЋрІЏрЅц рЅђріЋ рѕўрїІрЅбрЅх 24 рЅђріЋ ""рідрЅ▓рѕхрЅ▓ріГ рІхрѕЮрЇєрЅйріЋ ріЦріЊрїЅрѕІ"" рЅарѕџрѕЇ рѕўрѕф рЅЃрѕЇ рЅ░ріерЅЦрѕ« рІГрІЇрѕІрѕЇрЇб

рІФрѕѕрІјрЅхріЋ рїЇріЋрІЏрЅц рЅарѕЏрІ│рЅарѕГ рЇБ ріаріФрЅ│рЅйріљрЅхріЋ рЅарѕЏрѕхрЇѕріЋ ріЦріЊ рідрЅ▓рѕхрЅ▓ріГ рІхрѕЮрЇєрЅйріЋ рЅарѕЏрїЅрѕІрЅх рідрЅ▓рІЮрѕЮріЋ ріЦріЋрІ░рїѕрІ░рЅЦ рѕ│рІГрѕєріЋ рѕѕрѕ░рІЇ рѕЇрїєрЅй рІЇрЅЦріЊ рѕЇрІЕ рІерѕєріљ рѕхрЅЦрїЦрѕГ рѕЮріГріњрІФрЅх ріарІхрѕГрїѕрІЇ ріЦріЋрІ▓рІѕрѕхрІ▒ ріЦріЋрїІрЅЦрІЮрІјрЅ│рѕѕріЋрЇб"
990,2024-04-02 07:03:27+00:00,-1001447066276,
989,2024-04-02 07:03:26+00:00,-1001447066276,
988,2024-04-02 07:03:26+00:00,-1001447066276,
987,2024-04-02 07:03:25+00:00,-1001447066276,"­ЪЪбрІеріарѕѕрѕЮ рІерідрЅ▓рІЮрѕЮ  рїЇріЋрІЏрЅц рЅђріЋ рЅарІеріарѕўрЅ▒ рЅарѕўрїІрЅбрЅх 24 рЅђріЋ ріЦріЋрІ░рѕџріерЅарѕГ рІФрІЇрЅЂ ріќрѕ»рѕЇ?

­ЪЊЇрѕхрѕѕ рідрЅ▓рІЮрѕЮ рѕЮріЋ рІФрѕЁрѕЇ рІФрІЇрЅЃрѕЅ ?

­ЪЪАріЦріљрІџріЋ рІѕрїѕріќрЅ╗рЅйріЋріЋ рѕѕрѕўрѕГрІ│рЅх рѕЮріЋ ріЦріЊрІхрѕГрїЇ?

­ЪњФріЦріљрІџрійріЋ ріЦріЊ рѕїрѕјрЅй рѕўрѕерїЃрІјрЅйріЋ рѕѕрѕЏрїЇріўрЅх:рІерЅ┤рѕїрїЇрѕФрѕЮ рЅ╗ріЊрѕІрЅйріЋріЋ рІГрЅђрѕІрЅђрѕЅ
┬а┬а ­ЪЉЅ­ЪЈ╗ ріЦрІџрѕЁ рІГрїФріЉрЇб

­ЪњФрѕѕрЅарѕѕрїа рѕўрѕерїЃ: yetenaweg.com 

 #WorldAutismDay
#Empoweringautisticvoices
#AutismAcceptance"
986,2024-04-01 22:43:13+00:00,-1001447066276,"­ЪЉє­ЪЈЙ­ЪїЪ#рІерїцріЊрІѕрїЇ  рІерЅ┤рѕїрїЇрѕФрѕЮ рІЇрІГрІГрЅх 
 ­ЪјЎ№ИЈ­ЪјЏ№ИЈ  рІерЅ░рЅђрѕерЇђ 

РЮЊрѕхрѕѕ рїерїЊрѕФ рѕЁрѕўрѕЮ рѕЏрІѕрЅЁ рІГрЇѕрѕЇрїІрѕЅ?

РЮЊрѕхрѕѕ рѕўріЋрѕхріцрІјрЅ╣ ріЦріЊ рѕхрѕѕ рѕЮрѕЇріГрЅХрЅ╣ рІФрІЇрЅЃрѕЅ?

ріЦріЋрїЇрІ│рЅйріЋ:
­ЪЌБ№ИЈ рІХ/рѕГ рѕўрѕ│рІГ рѕЃ/рѕЏрѕГрІФрѕЮ ( рЅарѕЃрІѕрѕГрІх рІЕріњрЅерѕГрѕ▓рЅ▓ рѕєрѕхрЇњрЅ│рѕЇ рІерїерїЊрѕФ ріаріЋрїђрЅх ріЦріЊ рІерїЅрЅарЅх рѕЁріГрѕЮріЊ┬а рѕхрЇћрѕ╗рѕірѕхрЅх)┬а"
985,2024-04-01 22:43:07+00:00,-1001447066276,
984,2024-03-31 16:38:15+00:00,-1001447066276,
983,2024-03-31 15:08:18+00:00,-1001447066276,рїђрѕЮрѕ»рѕЇ !!!
982,2024-03-31 14:56:18+00:00,-1001447066276,
981,2024-03-31 14:33:21+00:00,-1001447066276,­Ъћћ ріерЅ░рІѕрѕ░ріЉ рІ░рЅѓрЅЃрІјрЅй рЅарѕЌрѕІ рІЇрІГрІГрЅ│рЅйріЋ рІГрїђрѕўрѕФрѕЇ!!!!
980,2024-03-30 04:25:22+00:00,-1001447066276,
979,2024-03-30 04:25:22+00:00,-1001447066276,
978,2024-03-30 04:25:21+00:00,-1001447066276,"Weekend with Yetena Weg! ­ЪїЪ

Join us for three incredible sessions

CME - ""APPROACH TO TRAUMATIC BRAIN INJURY""
­ЪЋћ Time: 5:00 PM EAT
­ЪЊє Date: Saturday March 30
­ЪћЌ Register: https://us02web.zoom.us/webinar/register/WN_V512MzN0QwKI0Cy8adT2sg

Mentorship Webinar - ""Entrepreneurship in Healthcare""
­ЪЋЋ Time: 5:00 PM EAT
­ЪЊє Date: Sunday, March 31

­ЪћЌ Register : https://us02web.zoom.us/webinar/register/WN_GpyWD0UORgegDl8QEifTbw
 

Telegram Live  - ""рѕхрѕѕ рЅєрІ│ рѕЁрѕўрѕЮ ріЦріЋрІѕрІФрІГ""
­ЪЋЋ ріерѕЮрѕйрЅ▒ 12 рѕ░рІЊрЅх (рЅарібрЅхрІ«рїхрІФ)
­ЪЊє ріЦрѕЂрІх рѕўрїІрЅбрЅх 22 2016

­ЪћЌ рІЇрІГрІГрЅ▒ріЋ рѕѕрѕўрЅђрѕІрЅђрѕЇ ріЦрІџрѕЁ рІГрїФріЉ 

https://t.me/yetenaweg?livestream


Let's come together and learn. 

Don't miss out on the opportunity to gain valuable insights and advice Рђћmark your calendars and invite your community!"
977,2024-03-27 04:58:10+00:00,-1001447066276,"­ЪћћрЅарІџрѕЁ ріЦрѕЂрІх рЅарЅ┤рѕїрїЇрѕФрѕЮ рЅђрїЦрЅ│ рѕхрѕГрїГрЅ│рЅйріЋ┬а рѕхрѕѕ рЅєрІ│ рѕЁрѕўрѕЮ ріЦріЋрІѕрІФрІГ┬а 

­ЪїЪрІерЅєрІ│ рѕЁрѕўрѕЮ рЅарЅ░рѕѕрІФрІЕ рѕЮріГріЋрІФрЅХрЅй рѕіріерѕ░рЅх рІГрЅйрѕІрѕЇрЇб ріЦріљрІџрѕЁрѕЮ рЅарїёріћрЅ▓ріГ рѕЮріГріЋрІФрЅХрЅйрЇБ рЅаріарІЇрЅХрібрѕЮрІЕріЋ ріЦріГрѕјрЅйрЇБ рібріЋрЇїріГрѕйріќрЅйрЇБ рЅаріарѕѕрѕГрїѓ рЇБ рЅарѕєрѕГрѕъріЋ рѕўрІЏрЅБрЅх рІѕрІГрѕЮ рІеріЦріљрІџрѕЁ ріљрїѕрѕ«рЅй рїЦрѕЮрѕерЅх рѕірІФрѕхріерЅхрѕЅ рІГрЅйрѕІрѕЅрЇб

­ЪћѕріЦріЋрїЇрІ│рЅйріЋ:
рІХ/рѕГ рѕўрѕ│рІГ рЅ░рѕхрЇІрІг (рЅаріа.ріа.рІЕ рІерЅєрІ│ рѕЁріГрѕЮріЊ рѕерІ│рЅх рЇЋрѕ«рЇїрѕ░рѕГрЇБ рІерѕЁрЇЃріЊрЅх рІерЅєрІ│ рѕЁріГрѕЮріЊ рѕ░рЅЦрѕхрЇћрѕ╗рѕірѕхрЅх) 

­ЪЌЊріЦрѕЂрІх рѕўрїІрЅбрЅх 22 2016

РЈ░ріерѕЮрѕйрЅ▒ 12 рѕ░рІЊрЅх (рЅарібрЅхрІ«рїхрІФ)

­ЪњЦрІЇрІГрІГрЅ▒ріЋ рѕѕрѕўрЅђрѕІрЅђрѕЇ ріЦрІџрѕЁ рІГрїФріЉ 
­ЪЉЄ­ЪЉЄ­ЪЉЄ­ЪЉЄ­ЪЉЄ­ЪЉЄ­ЪЉЄ­ЪЉЄ
https://t.me/yetenaweg?livestream

­ЪЉЅрѕѕрЅарѕѕрїа рѕўрѕерїЃ ріЦрІџрѕЁ рІГрїФріЉ: yetenaweg.com"
976,2024-03-26 19:05:50+00:00,-1001447066276,
